id,created_at,updated_at,observed_on,observed_on_time,iconic_taxon,taxon_id,taxon_rank,taxon_name,latitude,longitude,place_name,quality_grade,user_id,user_login,license_obs,num_identification_agreements,num_identification_disagreements,kingdom,phylum,class,order,family,genus
257615,2024-04-26,2024-04-26,2024-04-26,09:06:00,actinopterygii,35216,species,Symphodus tinca,41.409435,2.227562,Zona de Banys Fòrum,needs_id,219,ealcaniz,cc-by-nc-sa,0,0,Animalia,Chordata,Actinopterygii,Perciformes,Labridae,Symphodus
257613,2024-04-26,2024-04-26,2024-04-26,12:05:00,aves,252264,species,Columba livia,41.4139986552,2.1738888323,Spain,needs_id,2245,emilyastr,cc-by,0,0,Animalia,Chordata,Aves,Columbiformes,Columbidae,Columba
257612,2024-04-26,2024-04-26,2024-04-26,12:45:00,aves,252272,species,Columba palumbus,41.4139257375,2.1735887602,Spain,needs_id,2245,emilyastr,cc-by,0,0,Animalia,Chordata,Aves,Columbiformes,Columbidae,Columba
257611,2024-04-26,2024-04-26,2024-04-26,12:04:00,aves,247963,species,Myiopsitta monachus,41.4142143905,2.1735237166,Spain,needs_id,2245,emilyastr,cc-by,0,0,Animalia,Chordata,Aves,Psittaciformes,Psittacidae,Myiopsitta
257610,2024-04-26,2024-04-26,2024-04-26,08:30:00,,nan,,,41.3930407558,2.1831960976,Spain,needs_id,26,carlosrodero,cc-by-nc,0,0,,,,,,
257609,2024-04-26,2024-04-26,2024-04-26,08:31:00,,nan,,,41.3930246585,2.1832500771,Spain,needs_id,45,anna_olive_abello,cc-by-nc,0,0,,,,,,
257608,2024-04-26,2024-04-26,2024-04-26,06:32:00,aves,252853,species,Passer montanus,41.4245305556,2.1893111111,Spain,needs_id,1244,meri,cc-by,0,0,Animalia,Chordata,Aves,Passeriformes,Passeridae,Passer
257607,2024-04-26,2024-04-26,2024-04-26,06:32:00,aves,252272,species,Columba palumbus,41.4245305556,2.1893111111,Spain,needs_id,1244,meri,cc-by,0,0,Animalia,Chordata,Aves,Columbiformes,Columbidae,Columba
257606,2024-04-26,2024-04-26,2024-04-26,09:42:00,aves,244592,species,Anas platyrhynchos,41.4255361111,2.1806055556,Spain,needs_id,1244,meri,cc-by,0,0,Animalia,Chordata,Aves,Anseriformes,Anatidae,Anas
257605,2024-04-26,2024-04-26,2024-04-26,06:55:00,aves,247963,species,Myiopsitta monachus,41.4245305556,2.1893111111,Spain,needs_id,1244,meri,cc-by,0,0,Animalia,Chordata,Aves,Psittaciformes,Psittacidae,Myiopsitta
257604,2024-04-26,2024-04-26,2024-04-26,08:21:00,actinopterygii,34805,species,Sarpa salpa,41.4103093956,2.2274255635,Spain,needs_id,9,andrea,cc-by-nc,0,0,Animalia,Chordata,Actinopterygii,Perciformes,Sparidae,Sarpa
257603,2024-04-26,2024-04-26,2024-04-26,08:21:00,actinopterygii,34805,species,Sarpa salpa,41.4103093956,2.2274255635,Spain,needs_id,9,andrea,cc-by-nc,0,0,Animalia,Chordata,Actinopterygii,Perciformes,Sparidae,Sarpa
257602,2024-04-26,2024-04-26,2024-04-26,08:20:00,actinopterygii,35225,species,Chromis chromis,41.4103093956,2.2274255635,Spain,needs_id,9,andrea,cc-by-nc,0,0,Animalia,Chordata,Actinopterygii,Perciformes,Pomacentridae,Chromis
257601,2024-04-26,2024-04-26,2024-04-26,08:20:00,echinodermata,34848,species,Paracentrotus lividus,41.4100981736,2.2273746016,Spain,needs_id,9,andrea,cc-by-nc,0,0,Animalia,Echinodermata,Echinoidea,Camarodonta,Parechinidae,Paracentrotus
257600,2024-04-26,2024-04-26,2024-04-26,08:26:00,crustacea,237075,species,Perforatus perforatus,41.4103093956,2.2274255635,Spain,needs_id,9,andrea,cc-by-nc,0,0,Animalia,Arthropoda,,,Balanidae,Perforatus
257599,2024-04-26,2024-04-26,2024-04-26,08:19:00,crustacea,240381,species,Pachygrapsus marmoratus,41.4103093956,2.2274255635,Spain,needs_id,9,andrea,cc-by-nc,0,0,Animalia,Arthropoda,Malacostraca,Decapoda,Grapsidae,Pachygrapsus
257598,2024-04-26,2024-04-26,2024-04-26,08:18:00,mollusca,35107,species,Patella caerulea,41.4103093956,2.2274255635,Spain,needs_id,9,andrea,cc-by-nc,0,0,Animalia,Mollusca,Gastropoda,Patellogastropoda,Patellidae,Patella
257597,2024-04-26,2024-04-26,2024-04-26,08:18:00,actinopterygii,35225,species,Chromis chromis,41.4103093956,2.2274255635,Spain,needs_id,9,andrea,cc-by-nc,0,0,Animalia,Chordata,Actinopterygii,Perciformes,Pomacentridae,Chromis
257596,2024-04-26,2024-04-26,2024-04-26,08:18:00,actinopterygii,35225,species,Chromis chromis,41.4100277661,2.227329004,Spain,needs_id,9,andrea,cc-by-nc,0,0,Animalia,Chordata,Actinopterygii,Perciformes,Pomacentridae,Chromis
257595,2024-04-26,2024-04-26,2024-04-26,08:16:00,actinopterygii,34983,species,Parablennius zvonimiri,41.4104569253,2.2273960592,"Barcelona, Espanya",needs_id,9,andrea,cc-by-nc,0,0,Animalia,Chordata,Actinopterygii,Perciformes,Blenniidae,Parablennius
257594,2024-04-26,2024-04-26,2024-04-26,08:13:00,,252060,species,Clibanarius erythropus,41.4102014477,2.2274175169,Spain,needs_id,9,andrea,cc-by-nc,0,0,Animalia,Arthropoda,Malacostraca,Decapoda,Diogenidae,Clibanarius
257593,2024-04-26,2024-04-26,2024-04-26,08:17:00,mollusca,14784,genus,Patella,41.4102155291,2.2274657967,Spain,needs_id,9,andrea,cc-by-nc,0,0,Animalia,Mollusca,Gastropoda,Patellogastropoda,Patellidae,
257592,2024-04-26,2024-04-26,2024-04-26,08:23:00,animalia,34972,species,Pyura dura,41.4101974244,2.2274389746,Spain,needs_id,9,andrea,cc-by-nc,0,0,Animalia,Chordata,Ascidiacea,Pleurogona,Pyuridae,Pyura
257591,2024-04-26,2024-04-26,2024-04-26,08:15:00,plantae,246914,species,Asparagopsis taxiformis,41.4102416804,2.2274497034,Spain,needs_id,9,andrea,cc-by-nc,0,0,Plantae,Rhodophyta,Florideophyceae,Bonnemaisoniales,Bonnemaisoniaceae,Asparagopsis
257590,2024-04-26,2024-04-26,2024-04-26,08:15:00,,252060,species,Clibanarius erythropus,41.4101149472,2.2273880126,Spain,needs_id,9,andrea,cc-by-nc,0,0,Animalia,Arthropoda,Malacostraca,Decapoda,Diogenidae,Clibanarius
257589,2024-04-26,2024-04-26,2024-04-26,08:15:00,plantae,246914,species,Asparagopsis taxiformis,41.4101511567,2.2274336102,Spain,needs_id,9,andrea,cc-by-nc,0,0,Plantae,Rhodophyta,Florideophyceae,Bonnemaisoniales,Bonnemaisoniaceae,Asparagopsis
257588,2024-04-26,2024-04-26,2024-04-26,08:14:00,mollusca,250214,species,Cerithium vulgatum,41.410205471,2.2273960592,Spain,needs_id,9,andrea,cc-by-nc,0,0,Animalia,Mollusca,Gastropoda,,Cerithiidae,Cerithium
257587,2024-04-26,2024-04-26,2024-04-26,08:14:00,crustacea,240381,species,Pachygrapsus marmoratus,41.4103784717,2.2273263218,Spain,needs_id,9,andrea,cc-by-nc,0,0,Animalia,Arthropoda,Malacostraca,Decapoda,Grapsidae,Pachygrapsus
257586,2024-04-26,2024-04-26,2024-04-26,08:12:00,actinopterygii,1952,family,Sparidae,41.4102537503,2.2272431733,Spain,needs_id,9,andrea,cc-by-nc,0,0,Animalia,Chordata,Actinopterygii,Perciformes,,
257585,2024-04-26,2024-04-26,2024-04-26,08:12:00,actinopterygii,1952,family,Sparidae,41.4102416804,2.2272565844,Spain,needs_id,9,andrea,cc-by-nc,0,0,Animalia,Chordata,Actinopterygii,Perciformes,,
257584,2024-04-26,2024-04-26,2024-04-26,08:12:00,actinopterygii,1952,family,Sparidae,41.4102255873,2.2272270801,Spain,needs_id,9,andrea,cc-by-nc,0,0,Animalia,Chordata,Actinopterygii,Perciformes,,
257583,2024-04-26,2024-04-26,2024-04-26,08:12:00,actinopterygii,1952,family,Sparidae,41.4102658201,2.2272941353,Spain,needs_id,9,andrea,cc-by-nc,0,0,Animalia,Chordata,Actinopterygii,Perciformes,,
257582,2024-04-26,2024-04-26,2024-04-26,08:12:00,actinopterygii,1952,family,Sparidae,41.4101913895,2.2272163512,Spain,needs_id,9,andrea,cc-by-nc,0,0,Animalia,Chordata,Actinopterygii,Perciformes,,
257581,2024-04-26,2024-04-26,2024-04-26,08:07:00,cnidaria,34999,species,Actinia mediterranea,41.4098539202,2.2274443251,"Zona de Banys Fòrum, Barcelona, Espanya",needs_id,9,andrea,cc-by-nc,0,0,Animalia,Cnidaria,Anthozoa,Actiniaria,Actiniidae,Actinia
257580,2024-04-26,2024-04-26,2024-04-26,08:12:00,actinopterygii,35044,species,Aidablennius sphynx,41.4104381699,2.2272512199,Spain,needs_id,9,andrea,cc-by-nc,0,0,Animalia,Chordata,Actinopterygii,Perciformes,Blenniidae,Aidablennius
257579,2024-04-26,2024-04-26,2024-04-26,08:11:00,actinopterygii,35114,species,Salaria pavo,41.4103483566,2.2272404911,Spain,needs_id,9,andrea,cc-by-nc,0,0,Animalia,Chordata,Actinopterygii,Perciformes,Blenniidae,Salaria
257578,2024-04-26,2024-04-26,2024-04-26,08:09:00,plantae,246914,species,Asparagopsis taxiformis,41.4102920308,2.2271814825,Spain,needs_id,9,andrea,cc-by-nc,0,0,Plantae,Rhodophyta,Florideophyceae,Bonnemaisoniales,Bonnemaisoniaceae,Asparagopsis
257577,2024-04-26,2024-04-26,2024-04-26,08:08:00,annelida,34800,species,Branchiomma luctuosum,41.4101733442,2.2271010162,Spain,needs_id,9,andrea,cc-by-nc,0,0,Animalia,Annelida,Polychaeta,Sabellida,Sabellidae,Branchiomma
257576,2024-04-26,2024-04-26,2024-04-26,08:06:00,plantae,253478,species,Ulva rigida,41.4100546573,2.2274336102,Spain,needs_id,9,andrea,cc-by-nc,0,0,Plantae,Chlorophyta,Ulvophyceae,Ulvales,Ulvaceae,Ulva
257570,2024-04-26,2024-04-26,2024-04-26,09:23:00,annelida,34800,species,Branchiomma luctuosum,41.409435,2.227562,Zona de Banys Fòrum,needs_id,219,ealcaniz,cc-by-nc-sa,0,0,Animalia,Annelida,Polychaeta,Sabellida,Sabellidae,Branchiomma
257569,2024-04-26,2024-04-26,2024-04-26,09:20:00,,nan,,,41.409435,2.227562,Zona de Banys Fòrum,needs_id,219,ealcaniz,cc-by-nc-sa,0,0,,,,,,
257568,2024-04-26,2024-04-26,2024-04-26,09:19:00,annelida,34800,species,Branchiomma luctuosum,41.409435,2.227562,Zona de Banys Fòrum,needs_id,219,ealcaniz,cc-by-nc-sa,0,0,Animalia,Annelida,Polychaeta,Sabellida,Sabellidae,Branchiomma
257567,2024-04-26,2024-04-26,2024-04-26,09:19:00,mollusca,250214,species,Cerithium vulgatum,41.409435,2.227562,Zona de Banys Fòrum,needs_id,219,ealcaniz,cc-by-nc-sa,0,0,Animalia,Mollusca,Gastropoda,,Cerithiidae,Cerithium
257566,2024-04-26,2024-04-26,2024-04-26,09:19:00,actinopterygii,34835,species,Coris julis,41.409435,2.227562,Zona de Banys Fòrum,needs_id,219,ealcaniz,cc-by-nc-sa,0,0,Animalia,Chordata,Actinopterygii,Perciformes,Labridae,Coris
257565,2024-04-26,2024-04-26,2024-04-26,09:18:00,plantae,246914,species,Asparagopsis taxiformis,41.409435,2.227562,Zona de Banys Fòrum,needs_id,219,ealcaniz,cc-by-nc-sa,0,0,Plantae,Rhodophyta,Florideophyceae,Bonnemaisoniales,Bonnemaisoniaceae,Asparagopsis
257564,2024-04-26,2024-04-26,2024-04-26,09:18:00,chromista,35063,species,Dictyota dichotoma,41.409435,2.227562,Zona de Banys Fòrum,needs_id,219,ealcaniz,cc-by-nc-sa,0,0,Chromista,Ochrophyta,Phaeophyceae,Dictyotales,Dictyotaceae,Dictyota
257563,2024-04-26,2024-04-26,2024-04-26,09:17:00,,nan,,,41.409435,2.227562,Zona de Banys Fòrum,needs_id,219,ealcaniz,cc-by-nc-sa,0,0,,,,,,
257562,2024-04-26,2024-04-26,2024-04-26,09:16:00,actinopterygii,35250,species,Parablennius pilicornis,41.409435,2.227562,Zona de Banys Fòrum,needs_id,219,ealcaniz,cc-by-nc-sa,0,0,Animalia,Chordata,Actinopterygii,Perciformes,Blenniidae,Parablennius
257561,2024-04-26,2024-04-26,2024-04-26,09:16:00,echinodermata,251875,species,Holothuria tubulosa,41.409435,2.227562,Zona de Banys Fòrum,needs_id,219,ealcaniz,cc-by-nc-sa,0,0,Animalia,Echinodermata,Holothuroidea,Holothuriida,Holothuriidae,Holothuria
257560,2024-04-26,2024-04-26,2024-04-26,09:15:00,actinopterygii,35065,species,Gobius xanthocephalus,41.409435,2.227562,Zona de Banys Fòrum,needs_id,219,ealcaniz,cc-by-nc-sa,0,0,Animalia,Chordata,Actinopterygii,Perciformes,Gobiidae,Gobius
257559,2024-04-26,2024-04-26,2024-04-26,09:14:00,chromista,35063,species,Dictyota dichotoma,41.409435,2.227562,Zona de Banys Fòrum,needs_id,219,ealcaniz,cc-by-nc-sa,0,0,Chromista,Ochrophyta,Phaeophyceae,Dictyotales,Dictyotaceae,Dictyota
257558,2024-04-26,2024-04-26,2024-04-26,09:14:00,chromista,35214,species,Dictyota cyanoloma,41.409435,2.227562,Zona de Banys Fòrum,needs_id,219,ealcaniz,cc-by-nc-sa,0,0,Chromista,Ochrophyta,Phaeophyceae,Dictyotales,Dictyotaceae,Dictyota
257557,2024-04-26,2024-04-26,2024-04-26,09:14:00,echinodermata,251875,species,Holothuria tubulosa,41.409435,2.227562,Zona de Banys Fòrum,needs_id,219,ealcaniz,cc-by-nc-sa,0,0,Animalia,Echinodermata,Holothuroidea,Holothuriida,Holothuriidae,Holothuria
257556,2024-04-26,2024-04-26,2024-04-26,09:14:00,echinodermata,251875,species,Holothuria tubulosa,41.409435,2.227562,Zona de Banys Fòrum,needs_id,219,ealcaniz,cc-by-nc-sa,0,0,Animalia,Echinodermata,Holothuroidea,Holothuriida,Holothuriidae,Holothuria
257555,2024-04-26,2024-04-26,2024-04-26,09:13:00,,nan,,,41.409435,2.227562,Zona de Banys Fòrum,needs_id,219,ealcaniz,cc-by-nc-sa,0,0,,,,,,
257554,2024-04-26,2024-04-26,2024-04-26,09:13:00,echinodermata,34848,species,Paracentrotus lividus,41.409435,2.227562,Zona de Banys Fòrum,needs_id,219,ealcaniz,cc-by-nc-sa,0,0,Animalia,Echinodermata,Echinoidea,Camarodonta,Parechinidae,Paracentrotus
257553,2024-04-26,2024-04-26,2024-04-26,09:12:00,actinopterygii,34835,species,Coris julis,41.409435,2.227562,Zona de Banys Fòrum,needs_id,219,ealcaniz,cc-by-nc-sa,0,0,Animalia,Chordata,Actinopterygii,Perciformes,Labridae,Coris
257552,2024-04-26,2024-04-26,2024-04-26,09:12:00,,nan,,,41.409435,2.227562,Zona de Banys Fòrum,needs_id,219,ealcaniz,cc-by-nc-sa,0,0,,,,,,
257551,2024-04-26,2024-04-26,2024-04-26,09:12:00,actinopterygii,35120,species,Gobius incognitus,41.409435,2.227562,Zona de Banys Fòrum,needs_id,219,ealcaniz,cc-by-nc-sa,0,0,Animalia,Chordata,Actinopterygii,Perciformes,Gobiidae,Gobius
257550,2024-04-26,2024-04-26,2024-04-26,09:11:00,actinopterygii,35120,species,Gobius incognitus,41.409435,2.227562,Zona de Banys Fòrum,needs_id,219,ealcaniz,cc-by-nc-sa,0,0,Animalia,Chordata,Actinopterygii,Perciformes,Gobiidae,Gobius
257549,2024-04-26,2024-04-26,2024-04-26,09:11:00,actinopterygii,34805,species,Sarpa salpa,41.409435,2.227562,Zona de Banys Fòrum,needs_id,219,ealcaniz,cc-by-nc-sa,0,0,Animalia,Chordata,Actinopterygii,Perciformes,Sparidae,Sarpa
257548,2024-04-26,2024-04-26,2024-04-26,09:11:00,echinodermata,34848,species,Paracentrotus lividus,41.409435,2.227562,Zona de Banys Fòrum,needs_id,219,ealcaniz,cc-by-nc-sa,0,0,Animalia,Echinodermata,Echinoidea,Camarodonta,Parechinidae,Paracentrotus
257547,2024-04-26,2024-04-26,2024-04-26,09:10:00,actinopterygii,240400,species,Oblada melanura,41.409435,2.227562,Zona de Banys Fòrum,needs_id,219,ealcaniz,cc-by-nc-sa,0,0,Animalia,Chordata,Actinopterygii,Perciformes,Sparidae,Oblada
257546,2024-04-26,2024-04-26,2024-04-26,09:10:00,actinopterygii,35216,species,Symphodus tinca,41.409435,2.227562,Zona de Banys Fòrum,needs_id,219,ealcaniz,cc-by-nc-sa,0,0,Animalia,Chordata,Actinopterygii,Perciformes,Labridae,Symphodus
257545,2024-04-26,2024-04-26,2024-04-26,09:10:00,echinodermata,240406,species,Arbacia lixula,41.409435,2.227562,Zona de Banys Fòrum,needs_id,219,ealcaniz,cc-by-nc-sa,0,0,Animalia,Echinodermata,Echinoidea,Arbacioida,Arbaciidae,Arbacia
257544,2024-04-26,2024-04-26,2024-04-26,09:09:00,echinodermata,251875,species,Holothuria tubulosa,41.409435,2.227562,Zona de Banys Fòrum,needs_id,219,ealcaniz,cc-by-nc-sa,0,0,Animalia,Echinodermata,Holothuroidea,Holothuriida,Holothuriidae,Holothuria
257543,2024-04-26,2024-04-26,2024-04-26,09:09:00,actinopterygii,35216,species,Symphodus tinca,41.409435,2.227562,Zona de Banys Fòrum,needs_id,219,ealcaniz,cc-by-nc-sa,0,0,Animalia,Chordata,Actinopterygii,Perciformes,Labridae,Symphodus
257542,2024-04-26,2024-04-26,2024-04-26,09:06:00,actinopterygii,240399,species,Tripterygion tripteronotum,41.409435,2.227562,Zona de Banys Fòrum,needs_id,219,ealcaniz,cc-by-nc-sa,0,0,Animalia,Chordata,Actinopterygii,Perciformes,Tripterygiidae,Tripterygion
257541,2024-04-26,2024-04-26,2024-04-26,09:05:00,,nan,,,41.409435,2.227562,Zona de Banys Fòrum,needs_id,219,ealcaniz,cc-by-nc-sa,0,0,,,,,,
257540,2024-04-26,2024-04-26,2024-04-26,09:05:00,,nan,,,41.409435,2.227562,Zona de Banys Fòrum,needs_id,219,ealcaniz,cc-by-nc-sa,0,0,,,,,,
257539,2024-04-26,2024-04-26,2024-04-26,09:04:00,,nan,,,41.409435,2.227562,Zona de Banys Fòrum,needs_id,219,ealcaniz,cc-by-nc-sa,0,0,,,,,,
257538,2024-04-26,2024-04-26,2024-04-26,09:03:00,,nan,,,41.409435,2.227562,Zona de Banys Fòrum,needs_id,219,ealcaniz,cc-by-nc-sa,0,0,,,,,,
257537,2024-04-26,2024-04-26,2024-04-26,09:03:00,,nan,,,41.409435,2.227562,Zona de Banys Fòrum,needs_id,219,ealcaniz,cc-by-nc-sa,0,0,,,,,,
257536,2024-04-26,2024-04-26,2024-04-26,09:01:00,,nan,,,41.409435,2.227562,Zona de Banys Fòrum,needs_id,219,ealcaniz,cc-by-nc-sa,0,0,,,,,,
257535,2024-04-26,2024-04-26,2024-04-26,09:01:00,,nan,,,41.409435,2.227562,Zona de Banys Fòrum,needs_id,219,ealcaniz,cc-by-nc-sa,0,0,,,,,,
257534,2024-04-26,2024-04-26,2024-04-26,09:00:00,,nan,,,41.409435,2.227562,Zona de Banys Fòrum,needs_id,219,ealcaniz,cc-by-nc-sa,0,0,,,,,,
257533,2024-04-26,2024-04-26,2024-04-26,09:00:00,,nan,,,41.409435,2.227562,Zona de Banys Fòrum,needs_id,219,ealcaniz,cc-by-nc-sa,0,0,,,,,,
257532,2024-04-26,2024-04-26,2024-04-26,09:00:00,,nan,,,41.409435,2.227562,Zona de Banys Fòrum,needs_id,219,ealcaniz,cc-by-nc-sa,0,0,,,,,,
257531,2024-04-26,2024-04-26,2024-04-26,08:59:00,,nan,,,41.409435,2.227562,Zona de Banys Fòrum,needs_id,219,ealcaniz,cc-by-nc-sa,0,0,,,,,,
257530,2024-04-26,2024-04-26,2024-04-26,08:59:00,,nan,,,41.409435,2.227562,Zona de Banys Fòrum,needs_id,219,ealcaniz,cc-by-nc-sa,0,0,,,,,,
257529,2024-04-26,2024-04-26,2024-04-26,08:58:00,,nan,,,41.409435,2.227562,Zona de Banys Fòrum,needs_id,219,ealcaniz,cc-by-nc-sa,0,0,,,,,,
257528,2024-04-26,2024-04-26,2024-04-26,08:56:00,,nan,,,41.409435,2.227562,Zona de Banys Fòrum,needs_id,219,ealcaniz,cc-by-nc-sa,0,0,,,,,,
257527,2024-04-26,2024-04-26,2024-04-26,08:56:00,,nan,,,41.409435,2.227562,Zona de Banys Fòrum,needs_id,219,ealcaniz,cc-by-nc-sa,0,0,,,,,,
257526,2024-04-26,2024-04-26,2024-04-26,08:55:00,,nan,,,41.409435,2.227562,Zona de Banys Fòrum,needs_id,219,ealcaniz,cc-by-nc-sa,0,0,,,,,,
257525,2024-04-26,2024-04-26,2024-04-26,08:55:00,,nan,,,41.409435,2.227562,Zona de Banys Fòrum,needs_id,219,ealcaniz,cc-by-nc-sa,0,0,,,,,,
257524,2024-04-26,2024-04-26,2024-04-26,08:54:00,,nan,,,41.409435,2.227562,Zona de Banys Fòrum,needs_id,219,ealcaniz,cc-by-nc-sa,0,0,,,,,,
257523,2024-04-26,2024-04-26,2024-04-26,08:54:00,,nan,,,41.409435,2.227562,Zona de Banys Fòrum,needs_id,219,ealcaniz,cc-by-nc-sa,0,0,,,,,,
257522,2024-04-26,2024-04-26,2024-04-26,08:50:00,,nan,,,41.409435,2.227562,Zona de Banys Fòrum,needs_id,219,ealcaniz,cc-by-nc-sa,0,0,,,,,,
257521,2024-04-26,2024-04-26,2024-04-26,08:49:00,,nan,,,41.409435,2.227562,Zona de Banys Fòrum,needs_id,219,ealcaniz,cc-by-nc-sa,0,0,,,,,,
257520,2024-04-26,2024-04-26,2024-04-26,08:49:00,,nan,,,41.409435,2.227562,Zona de Banys Fòrum,needs_id,219,ealcaniz,cc-by-nc-sa,0,0,,,,,,
257519,2024-04-26,2024-04-26,2024-04-26,08:48:00,,nan,,,41.409435,2.227562,Zona de Banys Fòrum,needs_id,219,ealcaniz,cc-by-nc-sa,0,0,,,,,,
257518,2024-04-26,2024-04-26,2024-04-26,08:48:00,,nan,,,41.409435,2.227562,Zona de Banys Fòrum,needs_id,219,ealcaniz,cc-by-nc-sa,0,0,,,,,,
257517,2024-04-26,2024-04-26,2024-04-26,08:48:00,,nan,,,41.409435,2.227562,Zona de Banys Fòrum,needs_id,219,ealcaniz,cc-by-nc-sa,0,0,,,,,,
257516,2024-04-26,2024-04-26,2024-04-26,08:47:00,,nan,,,41.409435,2.227562,Zona de Banys Fòrum,needs_id,219,ealcaniz,cc-by-nc-sa,0,0,,,,,,
257515,2024-04-26,2024-04-26,2024-04-26,08:47:00,,nan,,,41.409435,2.227562,Zona de Banys Fòrum,needs_id,219,ealcaniz,cc-by-nc-sa,0,0,,,,,,
257514,2024-04-26,2024-04-26,2024-04-26,08:47:00,,nan,,,41.409435,2.227562,Zona de Banys Fòrum,needs_id,219,ealcaniz,cc-by-nc-sa,0,0,,,,,,
257513,2024-04-26,2024-04-26,2024-04-26,08:46:00,,nan,,,41.409435,2.227562,Zona de Banys Fòrum,needs_id,219,ealcaniz,cc-by-nc-sa,0,0,,,,,,
257512,2024-04-26,2024-04-26,2024-04-26,08:46:00,,nan,,,41.409435,2.227562,Zona de Banys Fòrum,needs_id,219,ealcaniz,cc-by-nc-sa,0,0,,,,,,
257511,2024-04-26,2024-04-26,2024-04-26,08:45:00,,nan,,,41.409435,2.227562,Zona de Banys Fòrum,needs_id,219,ealcaniz,cc-by-nc-sa,0,0,,,,,,
257510,2024-04-26,2024-04-26,2024-04-26,08:45:00,,nan,,,41.409435,2.227562,Zona de Banys Fòrum,needs_id,219,ealcaniz,cc-by-nc-sa,0,0,,,,,,
257509,2024-04-26,2024-04-26,2024-04-26,08:44:00,,nan,,,41.409435,2.227562,Zona de Banys Fòrum,needs_id,219,ealcaniz,cc-by-nc-sa,0,0,,,,,,
257508,2024-04-26,2024-04-26,2024-04-26,08:43:00,,nan,,,41.409435,2.227562,Zona de Banys Fòrum,needs_id,219,ealcaniz,cc-by-nc-sa,0,0,,,,,,
257507,2024-04-26,2024-04-26,2024-04-26,08:43:00,,nan,,,41.409435,2.227562,Zona de Banys Fòrum,needs_id,219,ealcaniz,cc-by-nc-sa,0,0,,,,,,
257506,2024-04-26,2024-04-26,2024-04-26,08:43:00,,nan,,,41.409435,2.227562,Zona de Banys Fòrum,needs_id,219,ealcaniz,cc-by-nc-sa,0,0,,,,,,
257505,2024-04-26,2024-04-26,2024-04-26,08:43:00,,nan,,,41.409435,2.227562,Zona de Banys Fòrum,needs_id,219,ealcaniz,cc-by-nc-sa,0,0,,,,,,
257504,2024-04-26,2024-04-26,2024-04-26,08:43:00,,nan,,,41.409435,2.227562,Zona de Banys Fòrum,needs_id,219,ealcaniz,cc-by-nc-sa,0,0,,,,,,
257503,2024-04-26,2024-04-26,2024-04-26,08:42:00,,nan,,,41.409435,2.227562,Zona de Banys Fòrum,needs_id,219,ealcaniz,cc-by-nc-sa,0,0,,,,,,
257502,2024-04-26,2024-04-26,2024-04-26,08:42:00,,nan,,,41.409435,2.227562,Zona de Banys Fòrum,needs_id,219,ealcaniz,cc-by-nc-sa,0,0,,,,,,
257501,2024-04-26,2024-04-26,2024-04-26,08:42:00,,nan,,,41.409435,2.227562,Zona de Banys Fòrum,needs_id,219,ealcaniz,cc-by-nc-sa,0,0,,,,,,
257500,2024-04-26,2024-04-26,2024-04-26,08:41:00,,nan,,,41.409435,2.227562,Zona de Banys Fòrum,needs_id,219,ealcaniz,cc-by-nc-sa,0,0,,,,,,
257499,2024-04-26,2024-04-26,2024-04-26,08:41:00,,nan,,,41.409435,2.227562,Zona de Banys Fòrum,needs_id,219,ealcaniz,cc-by-nc-sa,0,0,,,,,,
257498,2024-04-26,2024-04-26,2024-04-26,08:41:00,,nan,,,41.409435,2.227562,Zona de Banys Fòrum,needs_id,219,ealcaniz,cc-by-nc-sa,0,0,,,,,,
257497,2024-04-26,2024-04-26,2024-04-26,08:41:00,,nan,,,41.409435,2.227562,Zona de Banys Fòrum,needs_id,219,ealcaniz,cc-by-nc-sa,0,0,,,,,,
257496,2024-04-26,2024-04-26,2024-04-26,08:40:00,,nan,,,41.409435,2.227562,Zona de Banys Fòrum,needs_id,219,ealcaniz,cc-by-nc-sa,0,0,,,,,,
257495,2024-04-26,2024-04-26,2024-04-26,08:37:00,,nan,,,41.409435,2.227562,Zona de Banys Fòrum,needs_id,219,ealcaniz,cc-by-nc-sa,0,0,,,,,,
257494,2024-04-26,2024-04-26,2024-04-26,08:37:00,,nan,,,41.409435,2.227562,Zona de Banys Fòrum,needs_id,219,ealcaniz,cc-by-nc-sa,0,0,,,,,,
257493,2024-04-26,2024-04-26,2024-04-26,08:36:00,actinopterygii,35125,species,Mullus surmuletus,41.409435,2.227562,Zona de Banys Fòrum,needs_id,219,ealcaniz,cc-by-nc-sa,0,0,Animalia,Chordata,Actinopterygii,Perciformes,Mullidae,Mullus
257492,2024-04-26,2024-04-26,2024-04-26,08:35:00,,nan,,,41.409435,2.227562,Zona de Banys Fòrum,needs_id,219,ealcaniz,cc-by-nc-sa,0,0,,,,,,
257491,2024-04-26,2024-04-26,2024-04-26,08:35:00,,nan,,,41.409435,2.227562,Zona de Banys Fòrum,needs_id,219,ealcaniz,cc-by-nc-sa,0,0,,,,,,
257490,2024-04-26,2024-04-26,2024-04-26,08:34:00,,nan,,,41.409435,2.227562,Zona de Banys Fòrum,needs_id,219,ealcaniz,cc-by-nc-sa,0,0,,,,,,
257489,2024-04-26,2024-04-26,2024-04-26,08:34:00,,nan,,,41.409435,2.227562,Zona de Banys Fòrum,needs_id,219,ealcaniz,cc-by-nc-sa,0,0,,,,,,
257488,2024-04-26,2024-04-26,2024-04-26,08:33:00,,nan,,,41.409435,2.227562,Zona de Banys Fòrum,needs_id,219,ealcaniz,cc-by-nc-sa,0,0,,,,,,
257487,2024-04-26,2024-04-26,2024-04-26,08:32:00,,nan,,,41.409435,2.227562,Zona de Banys Fòrum,needs_id,219,ealcaniz,cc-by-nc-sa,0,0,,,,,,
257486,2024-04-26,2024-04-26,2024-04-26,08:32:00,,nan,,,41.409435,2.227562,Zona de Banys Fòrum,needs_id,219,ealcaniz,cc-by-nc-sa,0,0,,,,,,
257485,2024-04-26,2024-04-26,2024-04-26,08:31:00,,nan,,,41.409435,2.227562,Zona de Banys Fòrum,needs_id,219,ealcaniz,cc-by-nc-sa,0,0,,,,,,
257484,2024-04-26,2024-04-26,2024-04-26,08:31:00,,nan,,,41.409435,2.227562,Zona de Banys Fòrum,needs_id,219,ealcaniz,cc-by-nc-sa,0,0,,,,,,
257483,2024-04-26,2024-04-26,2024-04-26,08:31:00,,nan,,,41.409435,2.227562,Zona de Banys Fòrum,needs_id,219,ealcaniz,cc-by-nc-sa,0,0,,,,,,
257482,2024-04-26,2024-04-26,2024-04-26,08:31:00,,nan,,,41.409435,2.227562,Zona de Banys Fòrum,needs_id,219,ealcaniz,cc-by-nc-sa,0,0,,,,,,
257481,2024-04-26,2024-04-26,2024-04-26,08:30:00,,nan,,,41.409435,2.227562,Zona de Banys Fòrum,needs_id,219,ealcaniz,cc-by-nc-sa,0,0,,,,,,
257480,2024-04-26,2024-04-26,2024-04-26,08:29:00,,nan,,,41.409435,2.227562,Zona de Banys Fòrum,needs_id,219,ealcaniz,cc-by-nc-sa,0,0,,,,,,
257479,2024-04-26,2024-04-26,2024-04-26,08:29:00,,nan,,,41.409435,2.227562,Zona de Banys Fòrum,needs_id,219,ealcaniz,cc-by-nc-sa,0,0,,,,,,
257478,2024-04-26,2024-04-26,2024-04-26,08:29:00,,nan,,,41.409435,2.227562,Zona de Banys Fòrum,needs_id,219,ealcaniz,cc-by-nc-sa,0,0,,,,,,
257477,2024-04-26,2024-04-26,2024-04-26,08:28:00,,nan,,,41.409435,2.227562,Zona de Banys Fòrum,needs_id,219,ealcaniz,cc-by-nc-sa,0,0,,,,,,
257476,2024-04-26,2024-04-26,2024-04-26,08:28:00,,nan,,,41.409435,2.227562,Zona de Banys Fòrum,needs_id,219,ealcaniz,cc-by-nc-sa,0,0,,,,,,
257475,2024-04-26,2024-04-26,2024-04-26,08:27:00,,nan,,,41.409435,2.227562,Zona de Banys Fòrum,needs_id,219,ealcaniz,cc-by-nc-sa,0,0,,,,,,
257474,2024-04-26,2024-04-26,2024-04-26,08:27:00,,nan,,,41.409435,2.227562,Zona de Banys Fòrum,needs_id,219,ealcaniz,cc-by-nc-sa,0,0,,,,,,
257473,2024-04-26,2024-04-26,2024-04-26,08:27:00,,nan,,,41.409435,2.227562,Zona de Banys Fòrum,needs_id,219,ealcaniz,cc-by-nc-sa,0,0,,,,,,
257472,2024-04-26,2024-04-26,2024-04-26,08:26:00,,nan,,,41.409435,2.227562,Zona de Banys Fòrum,needs_id,219,ealcaniz,cc-by-nc-sa,0,0,,,,,,
257471,2024-04-26,2024-04-26,2024-04-26,08:26:00,,nan,,,41.409435,2.227562,Zona de Banys Fòrum,needs_id,219,ealcaniz,cc-by-nc-sa,0,0,,,,,,
257470,2024-04-26,2024-04-26,2024-04-26,08:26:00,,nan,,,41.409435,2.227562,Zona de Banys Fòrum,needs_id,219,ealcaniz,cc-by-nc-sa,0,0,,,,,,
257469,2024-04-26,2024-04-26,2024-04-26,08:26:00,,nan,,,41.409435,2.227562,Zona de Banys Fòrum,needs_id,219,ealcaniz,cc-by-nc-sa,0,0,,,,,,
257468,2024-04-26,2024-04-26,2024-04-26,08:25:00,,nan,,,41.409435,2.227562,Zona de Banys Fòrum,needs_id,219,ealcaniz,cc-by-nc-sa,0,0,,,,,,
257467,2024-04-26,2024-04-26,2024-04-26,08:25:00,,nan,,,41.409435,2.227562,Zona de Banys Fòrum,needs_id,219,ealcaniz,cc-by-nc-sa,0,0,,,,,,
257466,2024-04-26,2024-04-26,2024-04-26,08:24:00,,nan,,,41.409435,2.227562,Zona de Banys Fòrum,needs_id,219,ealcaniz,cc-by-nc-sa,0,0,,,,,,
257465,2024-04-26,2024-04-26,2024-04-26,08:24:00,,nan,,,41.409435,2.227562,Zona de Banys Fòrum,needs_id,219,ealcaniz,cc-by-nc-sa,0,0,,,,,,
257464,2024-04-26,2024-04-26,2024-04-26,08:23:00,,nan,,,41.409435,2.227562,Zona de Banys Fòrum,needs_id,219,ealcaniz,cc-by-nc-sa,0,0,,,,,,
257463,2024-04-26,2024-04-26,2024-04-26,08:23:00,,nan,,,41.409435,2.227562,Zona de Banys Fòrum,needs_id,219,ealcaniz,cc-by-nc-sa,0,0,,,,,,
257462,2024-04-26,2024-04-26,2024-04-26,08:23:00,,nan,,,41.409435,2.227562,Zona de Banys Fòrum,needs_id,219,ealcaniz,cc-by-nc-sa,0,0,,,,,,
257461,2024-04-26,2024-04-26,2024-04-26,08:22:00,,nan,,,41.409435,2.227562,Zona de Banys Fòrum,needs_id,219,ealcaniz,cc-by-nc-sa,0,0,,,,,,
257460,2024-04-26,2024-04-26,2024-04-26,08:21:00,,nan,,,41.409435,2.227562,Zona de Banys Fòrum,needs_id,219,ealcaniz,cc-by-nc-sa,0,0,,,,,,
257459,2024-04-26,2024-04-26,2024-04-26,08:20:00,,nan,,,41.409435,2.227562,Zona de Banys Fòrum,needs_id,219,ealcaniz,cc-by-nc-sa,0,0,,,,,,
257458,2024-04-26,2024-04-26,2024-04-26,08:20:00,,nan,,,41.409435,2.227562,Zona de Banys Fòrum,needs_id,219,ealcaniz,cc-by-nc-sa,0,0,,,,,,
257457,2024-04-26,2024-04-26,2024-04-26,08:20:00,,nan,,,41.409435,2.227562,Zona de Banys Fòrum,needs_id,219,ealcaniz,cc-by-nc-sa,0,0,,,,,,
257456,2024-04-26,2024-04-26,2024-04-26,08:19:00,,nan,,,41.409435,2.227562,Zona de Banys Fòrum,needs_id,219,ealcaniz,cc-by-nc-sa,0,0,,,,,,
257455,2024-04-26,2024-04-26,2024-04-26,08:19:00,,nan,,,41.409435,2.227562,Zona de Banys Fòrum,needs_id,219,ealcaniz,cc-by-nc-sa,0,0,,,,,,
257454,2024-04-26,2024-04-26,2024-04-26,08:19:00,,nan,,,41.409435,2.227562,Zona de Banys Fòrum,needs_id,219,ealcaniz,cc-by-nc-sa,0,0,,,,,,
257453,2024-04-26,2024-04-26,2024-04-26,08:18:00,,nan,,,41.409435,2.227562,Zona de Banys Fòrum,needs_id,219,ealcaniz,cc-by-nc-sa,0,0,,,,,,
257452,2024-04-26,2024-04-26,2024-04-26,08:18:00,,nan,,,41.409435,2.227562,Zona de Banys Fòrum,needs_id,219,ealcaniz,cc-by-nc-sa,0,0,,,,,,
257451,2024-04-26,2024-04-26,2024-04-26,08:18:00,,nan,,,41.409435,2.227562,Zona de Banys Fòrum,needs_id,219,ealcaniz,cc-by-nc-sa,0,0,,,,,,
257450,2024-04-26,2024-04-26,2024-04-26,08:17:00,,nan,,,41.409435,2.227562,Zona de Banys Fòrum,needs_id,219,ealcaniz,cc-by-nc-sa,0,0,,,,,,
257449,2024-04-26,2024-04-26,2024-04-26,08:17:00,,nan,,,41.409435,2.227562,Zona de Banys Fòrum,needs_id,219,ealcaniz,cc-by-nc-sa,0,0,,,,,,
257448,2024-04-26,2024-04-26,2024-04-26,08:16:00,,nan,,,41.409435,2.227562,Zona de Banys Fòrum,needs_id,219,ealcaniz,cc-by-nc-sa,0,0,,,,,,
257447,2024-04-26,2024-04-26,2024-04-26,09:04:00,arachnida,1362,family,Thomisidae,41.2790039607,2.0812284597,Platja del Remolar,needs_id,15,mediambient_ajelprat,cc-by-nc,0,0,Animalia,Arthropoda,Arachnida,Araneae,,
257446,2024-04-26,2024-04-26,2024-04-26,08:11:00,mollusca,34855,species,Sepia officinalis,41.2787521071,2.0809381327,Platja del Remolar,needs_id,15,mediambient_ajelprat,cc-by-nc,0,0,Animalia,Mollusca,Cephalopoda,Sepiida,Sepiidae,Sepia
257445,2024-04-26,2024-04-26,2024-04-26,08:05:00,elasmobranchii,11990,genus,Raja,41.2787521071,2.0809381327,Platja del Remolar,needs_id,15,mediambient_ajelprat,cc-by-nc,0,0,Animalia,Chordata,Elasmobranchii,Rajiformes,Rajidae,
257444,2024-04-26,2024-04-26,2024-04-26,08:50:00,insecta,159939,species,Polyommatus icarus,41.2787521071,2.0809381327,Platja del Remolar,needs_id,15,mediambient_ajelprat,cc-by-nc,0,0,Animalia,Arthropoda,Insecta,Lepidoptera,Lycaenidae,Polyommatus
257443,2024-04-26,2024-04-26,2024-04-26,07:55:00,mollusca,248666,species,Naticarius hebraeus,41.2787521071,2.0809381327,Platja del Remolar,needs_id,15,mediambient_ajelprat,cc-by-nc,0,0,Animalia,Mollusca,Gastropoda,Littorinimorpha,Naticidae,Naticarius
257442,2024-04-26,2024-04-26,2024-04-26,08:23:00,insecta,244931,species,Lophyra flexuosa,41.2787521071,2.0809381327,Platja del Remolar,needs_id,15,mediambient_ajelprat,cc-by-nc,0,0,Animalia,Arthropoda,Insecta,Coleoptera,Carabidae,Lophyra
257441,2024-04-26,2024-04-26,2024-04-26,08:15:00,aves,242596,species,Actitis hypoleucos,41.2787521071,2.0809381327,Platja del Remolar,needs_id,15,mediambient_ajelprat,cc-by-nc,0,0,Animalia,Chordata,Aves,Ciconiiformes,Scolopacidae,Actitis
257440,2024-04-26,2024-04-26,2024-04-26,08:31:00,aves,245522,species,Egretta garzetta,41.2787521071,2.0809381327,Platja del Remolar,needs_id,15,mediambient_ajelprat,cc-by-nc,0,0,Animalia,Chordata,Aves,Ciconiiformes,Ardeidae,Egretta
257439,2024-04-26,2024-04-26,2024-04-26,07:40:00,,nan,,,41.2787521071,2.0809381327,Platja del Remolar,needs_id,15,mediambient_ajelprat,cc-by-nc,0,0,,,,,,
257438,2024-04-26,2024-04-26,2024-04-26,05:55:00,aves,248777,species,Ficedula hypoleuca,41.3198473773,2.0712917194,Camí de cal Pelut,needs_id,15,mediambient_ajelprat,cc-by-nc,0,0,Animalia,Chordata,Aves,Passeriformes,Muscicapidae,Ficedula
257437,2024-04-26,2024-04-26,2024-04-26,07:58:00,,nan,,,41.2787521071,2.0809381327,Platja del Remolar,needs_id,15,mediambient_ajelprat,cc-by-nc,0,0,,,,,,
257436,2024-04-26,2024-04-26,2024-04-26,06:00:00,aves,248606,species,Falco tinnunculus,41.3198473773,2.0712917194,Camí de cal Pelut,needs_id,15,mediambient_ajelprat,cc-by-nc,0,0,Animalia,Chordata,Aves,Ciconiiformes,Falconidae,Falco
257435,2024-04-26,2024-04-26,2024-04-26,05:53:00,aves,252272,species,Columba palumbus,41.3198473773,2.0712917194,Camí de cal Pelut,needs_id,15,mediambient_ajelprat,cc-by-nc,0,0,Animalia,Chordata,Aves,Columbiformes,Columbidae,Columba
257422,2024-04-26,2024-04-26,2024-04-26,08:22:00,,nan,,,41.4103914399,2.2282027324,"Barcelona, España",needs_id,714,meme,cc-by-nc,0,0,,,,,,
257421,2024-04-26,2024-04-26,2024-04-26,08:22:00,plantae,246914,species,Asparagopsis taxiformis,41.4103914399,2.2282027324,"Barcelona, España",research,714,meme,cc-by-nc,1,0,Plantae,Rhodophyta,Florideophyceae,Bonnemaisoniales,Bonnemaisoniaceae,Asparagopsis
257420,2024-04-26,2024-04-26,2024-04-26,08:22:00,,nan,,,41.4103914399,2.2282027324,"Barcelona, España",needs_id,714,meme,cc-by-nc,0,0,,,,,,
257419,2024-04-26,2024-04-26,2024-04-26,08:21:00,,nan,,,41.4103914399,2.2282027324,"Barcelona, España",needs_id,714,meme,cc-by-nc,0,0,,,,,,
257418,2024-04-26,2024-04-26,2024-04-26,08:21:00,,nan,,,41.4103914399,2.2282027324,"Barcelona, España",needs_id,714,meme,cc-by-nc,0,0,,,,,,
257417,2024-04-26,2024-04-26,2024-04-26,08:21:00,,nan,,,41.4103914399,2.2282027324,"Barcelona, España",needs_id,714,meme,cc-by-nc,0,0,,,,,,
257416,2024-04-26,2024-04-26,2024-04-26,08:21:00,,nan,,,41.4103914399,2.2282027324,"Barcelona, España",needs_id,714,meme,cc-by-nc,0,0,,,,,,
257415,2024-04-26,2024-04-26,2024-04-26,08:21:00,,nan,,,41.4103914399,2.2282027324,"Barcelona, España",needs_id,714,meme,cc-by-nc,0,0,,,,,,
257414,2024-04-26,2024-04-26,2024-04-26,08:21:00,,nan,,,41.4103914399,2.2282027324,"Barcelona, España",needs_id,714,meme,cc-by-nc,0,0,,,,,,
257413,2024-04-26,2024-04-26,2024-04-26,08:20:00,,nan,,,41.4103914399,2.2282027324,"Barcelona, España",needs_id,714,meme,cc-by-nc,0,0,,,,,,
257412,2024-04-26,2024-04-26,2024-04-26,08:20:00,,nan,,,41.4103914399,2.2282027324,"Barcelona, España",needs_id,714,meme,cc-by-nc,0,0,,,,,,
257411,2024-04-26,2024-04-26,2024-04-26,08:18:00,,nan,,,41.4103914399,2.2282027324,"Barcelona, España",needs_id,714,meme,cc-by-nc,0,0,,,,,,
257410,2024-04-26,2024-04-26,2024-04-26,08:18:00,,nan,,,41.4103914399,2.2282027324,"Barcelona, España",needs_id,714,meme,cc-by-nc,0,0,,,,,,
257409,2024-04-26,2024-04-26,2024-04-26,08:17:00,,nan,,,41.4103914399,2.2282027324,"Barcelona, España",needs_id,714,meme,cc-by-nc,0,0,,,,,,
257408,2024-04-26,2024-04-26,2024-04-26,08:16:00,,nan,,,41.4103914399,2.2282027324,"Barcelona, España",needs_id,714,meme,cc-by-nc,0,0,,,,,,
257407,2024-04-26,2024-04-26,2024-04-26,08:16:00,,nan,,,41.4103914399,2.2282027324,"Barcelona, España",needs_id,714,meme,cc-by-nc,0,0,,,,,,
257406,2024-04-26,2024-04-26,2024-04-26,08:14:00,,nan,,,41.4103914399,2.2282027324,"Barcelona, España",needs_id,714,meme,cc-by-nc,0,0,,,,,,
257405,2024-04-26,2024-04-26,2024-04-26,08:14:00,,nan,,,41.4103914399,2.2282027324,"Barcelona, España",needs_id,714,meme,cc-by-nc,0,0,,,,,,
257404,2024-04-26,2024-04-26,2024-04-26,08:14:00,,nan,,,41.4103914399,2.2282027324,"Barcelona, España",needs_id,714,meme,cc-by-nc,0,0,,,,,,
257403,2024-04-26,2024-04-26,2024-04-26,08:13:00,,nan,,,41.4103914399,2.2282027324,"Barcelona, España",needs_id,714,meme,cc-by-nc,0,0,,,,,,
257402,2024-04-26,2024-04-26,2024-04-26,08:13:00,,nan,,,41.4103914399,2.2282027324,"Barcelona, España",needs_id,714,meme,cc-by-nc,0,0,,,,,,
257401,2024-04-26,2024-04-26,2024-04-26,08:13:00,,nan,,,41.4103914399,2.2282027324,"Barcelona, España",needs_id,714,meme,cc-by-nc,0,0,,,,,,
257400,2024-04-26,2024-04-26,2024-04-26,08:12:00,,nan,,,41.4103914399,2.2282027324,"Barcelona, España",needs_id,714,meme,cc-by-nc,0,0,,,,,,
257399,2024-04-26,2024-04-26,2024-04-26,08:12:00,,nan,,,41.4103914399,2.2282027324,"Barcelona, España",needs_id,714,meme,cc-by-nc,0,0,,,,,,
257398,2024-04-26,2024-04-26,2024-04-26,08:12:00,,nan,,,41.4103914399,2.2282027324,"Barcelona, España",needs_id,714,meme,cc-by-nc,0,0,,,,,,
257397,2024-04-26,2024-04-26,2024-04-26,08:12:00,,nan,,,41.4103914399,2.2282027324,"Barcelona, España",needs_id,714,meme,cc-by-nc,0,0,,,,,,
257396,2024-04-26,2024-04-26,2024-04-26,08:12:00,,nan,,,41.4103914399,2.2282027324,"Barcelona, España",needs_id,714,meme,cc-by-nc,0,0,,,,,,
257395,2024-04-26,2024-04-26,2024-04-26,08:12:00,,nan,,,41.4103914399,2.2282027324,"Barcelona, España",needs_id,714,meme,cc-by-nc,0,0,,,,,,
257394,2024-04-26,2024-04-26,2024-04-26,08:11:00,,nan,,,41.4103914399,2.2282027324,"Barcelona, España",needs_id,714,meme,cc-by-nc,0,0,,,,,,
257393,2024-04-26,2024-04-26,2024-04-26,08:11:00,,nan,,,41.4103914399,2.2282027324,"Barcelona, España",needs_id,714,meme,cc-by-nc,0,0,,,,,,
257392,2024-04-26,2024-04-26,2024-04-26,08:11:00,,nan,,,41.4103914399,2.2282027324,"Barcelona, España",needs_id,714,meme,cc-by-nc,0,0,,,,,,
257391,2024-04-26,2024-04-26,2024-04-26,08:10:00,,nan,,,41.4103914399,2.2282027324,"Barcelona, España",needs_id,714,meme,cc-by-nc,0,0,,,,,,
257390,2024-04-26,2024-04-26,2024-04-26,08:10:00,,nan,,,41.4103914399,2.2282027324,"Barcelona, España",needs_id,714,meme,cc-by-nc,0,0,,,,,,
257389,2024-04-26,2024-04-26,2024-04-26,08:10:00,,nan,,,41.4103914399,2.2282027324,"Barcelona, España",needs_id,714,meme,cc-by-nc,0,0,,,,,,
257388,2024-04-26,2024-04-26,2024-04-26,08:10:00,,nan,,,41.4103914399,2.2282027324,"Barcelona, España",needs_id,714,meme,cc-by-nc,0,0,,,,,,
257387,2024-04-26,2024-04-26,2024-04-26,08:09:00,,nan,,,41.4103914399,2.2282027324,"Barcelona, España",needs_id,714,meme,cc-by-nc,0,0,,,,,,
257386,2024-04-26,2024-04-26,2024-04-26,08:09:00,,nan,,,41.4103914399,2.2282027324,"Barcelona, España",needs_id,714,meme,cc-by-nc,0,0,,,,,,
257385,2024-04-26,2024-04-26,2024-04-26,08:08:00,,nan,,,41.4103914399,2.2282027324,"Barcelona, España",needs_id,714,meme,cc-by-nc,0,0,,,,,,
257384,2024-04-26,2024-04-26,2024-04-26,08:08:00,,nan,,,41.4103914399,2.2282027324,"Barcelona, España",needs_id,714,meme,cc-by-nc,0,0,,,,,,
257383,2024-04-26,2024-04-26,2024-04-26,08:07:00,,nan,,,41.4103914399,2.2282027324,"Barcelona, España",needs_id,714,meme,cc-by-nc,0,0,,,,,,
257382,2024-04-26,2024-04-26,2024-04-26,08:07:00,,nan,,,41.4103914399,2.2282027324,"Barcelona, España",needs_id,714,meme,cc-by-nc,0,0,,,,,,
257381,2024-04-26,2024-04-26,2024-04-26,08:07:00,,nan,,,41.4103914399,2.2282027324,"Barcelona, España",needs_id,714,meme,cc-by-nc,0,0,,,,,,
257380,2024-04-26,2024-04-26,2024-04-26,08:07:00,,nan,,,41.4103914399,2.2282027324,"Barcelona, España",needs_id,714,meme,cc-by-nc,0,0,,,,,,
257379,2024-04-26,2024-04-26,2024-04-26,08:07:00,,nan,,,41.4103914399,2.2282027324,"Barcelona, España",needs_id,714,meme,cc-by-nc,0,0,,,,,,
257378,2024-04-26,2024-04-26,2024-04-26,08:06:00,,nan,,,41.4103914399,2.2282027324,"Barcelona, España",needs_id,714,meme,cc-by-nc,0,0,,,,,,
257377,2024-04-26,2024-04-26,2024-04-26,08:06:00,,nan,,,41.4103914399,2.2282027324,"Barcelona, España",needs_id,714,meme,cc-by-nc,0,0,,,,,,
257376,2024-04-26,2024-04-26,2024-04-26,08:06:00,,nan,,,41.4103914399,2.2282027324,"Barcelona, España",needs_id,714,meme,cc-by-nc,0,0,,,,,,
257375,2024-04-26,2024-04-26,2024-04-26,08:05:00,,nan,,,41.4103914399,2.2282027324,"Barcelona, España",needs_id,714,meme,cc-by-nc,0,0,,,,,,
257374,2024-04-26,2024-04-26,2024-04-26,08:05:00,,nan,,,41.4103914399,2.2282027324,"Barcelona, España",needs_id,714,meme,cc-by-nc,0,0,,,,,,
257373,2024-04-26,2024-04-26,2024-04-26,08:05:00,,nan,,,41.4103914399,2.2282027324,"Barcelona, España",needs_id,714,meme,cc-by-nc,0,0,,,,,,
257372,2024-04-26,2024-04-26,2024-04-26,08:05:00,,nan,,,41.4103914399,2.2282027324,"Barcelona, España",needs_id,714,meme,cc-by-nc,0,0,,,,,,
257371,2024-04-26,2024-04-26,2024-04-26,08:03:00,,nan,,,41.4103914399,2.2282027324,"Barcelona, España",needs_id,714,meme,cc-by-nc,0,0,,,,,,
257370,2024-04-26,2024-04-26,2024-04-26,08:03:00,,nan,,,41.4103914399,2.2282027324,"Barcelona, España",needs_id,714,meme,cc-by-nc,0,0,,,,,,
257369,2024-04-26,2024-04-26,2024-04-26,08:03:00,,nan,,,41.4103914399,2.2282027324,"Barcelona, España",needs_id,714,meme,cc-by-nc,0,0,,,,,,
257368,2024-04-26,2024-04-26,2024-04-26,08:03:00,,nan,,,41.4103914399,2.2282027324,"Barcelona, España",needs_id,714,meme,cc-by-nc,0,0,,,,,,
257367,2024-04-26,2024-04-26,2024-04-26,08:01:00,,nan,,,41.4103914399,2.2282027324,"Barcelona, España",needs_id,714,meme,cc-by-nc,0,0,,,,,,
257366,2024-04-26,2024-04-26,2024-04-26,08:01:00,,nan,,,41.4103914399,2.2282027324,"Barcelona, España",needs_id,714,meme,cc-by-nc,0,0,,,,,,
257365,2024-04-26,2024-04-26,2024-04-26,08:00:00,,nan,,,41.4103914399,2.2282027324,"Barcelona, España",needs_id,714,meme,cc-by-nc,0,0,,,,,,
257364,2024-04-26,2024-04-26,2024-04-26,08:00:00,,nan,,,41.4103914399,2.2282027324,"Barcelona, España",needs_id,714,meme,cc-by-nc,0,0,,,,,,
257363,2024-04-26,2024-04-26,2024-04-26,08:00:00,,nan,,,41.4103914399,2.2282027324,"Barcelona, España",needs_id,714,meme,cc-by-nc,0,0,,,,,,
257362,2024-04-26,2024-04-26,2024-04-26,07:59:00,,nan,,,41.4103914399,2.2282027324,"Barcelona, España",needs_id,714,meme,cc-by-nc,0,0,,,,,,
257361,2024-04-26,2024-04-26,2024-04-26,07:59:00,,nan,,,41.4103914399,2.2282027324,"Barcelona, España",needs_id,714,meme,cc-by-nc,0,0,,,,,,
257360,2024-04-26,2024-04-26,2024-04-26,07:59:00,,nan,,,41.4103914399,2.2282027324,"Barcelona, España",needs_id,714,meme,cc-by-nc,0,0,,,,,,
257359,2024-04-26,2024-04-26,2024-04-26,07:58:00,,nan,,,41.4103914399,2.2282027324,"Barcelona, España",needs_id,714,meme,cc-by-nc,0,0,,,,,,
257358,2024-04-26,2024-04-26,2024-04-26,07:57:00,,nan,,,41.4103914399,2.2282027324,"Barcelona, España",needs_id,714,meme,cc-by-nc,0,0,,,,,,
257357,2024-04-26,2024-04-26,2024-04-26,07:56:00,,nan,,,41.4103914399,2.2282027324,"Barcelona, España",needs_id,714,meme,cc-by-nc,0,0,,,,,,
257356,2024-04-26,2024-04-26,2024-04-26,07:56:00,,nan,,,41.4103914399,2.2282027324,"Barcelona, España",needs_id,714,meme,cc-by-nc,0,0,,,,,,
257355,2024-04-26,2024-04-26,2024-04-26,07:55:00,,nan,,,41.4103914399,2.2282027324,"Barcelona, España",needs_id,714,meme,cc-by-nc,0,0,,,,,,
257354,2024-04-26,2024-04-26,2024-04-26,07:55:00,,nan,,,41.4103914399,2.2282027324,"Barcelona, España",needs_id,714,meme,cc-by-nc,0,0,,,,,,
257353,2024-04-26,2024-04-26,2024-04-26,07:54:00,,nan,,,41.4103914399,2.2282027324,"Barcelona, España",needs_id,714,meme,cc-by-nc,0,0,,,,,,
257352,2024-04-26,2024-04-26,2024-04-26,07:54:00,,nan,,,41.4103914399,2.2282027324,"Barcelona, España",needs_id,714,meme,cc-by-nc,0,0,,,,,,
257351,2024-04-26,2024-04-26,2024-04-26,07:53:00,,nan,,,41.4103914399,2.2282027324,"Barcelona, España",needs_id,714,meme,cc-by-nc,0,0,,,,,,
257350,2024-04-26,2024-04-26,2024-04-26,07:53:00,,nan,,,41.4103914399,2.2282027324,"Barcelona, España",needs_id,714,meme,cc-by-nc,0,0,,,,,,
257349,2024-04-26,2024-04-26,2024-04-26,07:52:00,,nan,,,41.4103914399,2.2282027324,"Barcelona, España",needs_id,714,meme,cc-by-nc,0,0,,,,,,
257348,2024-04-26,2024-04-26,2024-04-26,07:52:00,,nan,,,41.4103914399,2.2282027324,"Barcelona, España",needs_id,714,meme,cc-by-nc,0,0,,,,,,
257347,2024-04-26,2024-04-26,2024-04-26,07:48:00,,nan,,,41.4103914399,2.2282027324,"Barcelona, España",needs_id,714,meme,cc-by-nc,0,0,,,,,,
257346,2024-04-26,2024-04-26,2024-04-26,07:47:00,,nan,,,41.4103914399,2.2282027324,"Barcelona, España",needs_id,714,meme,cc-by-nc,0,0,,,,,,
257345,2024-04-26,2024-04-26,2024-04-26,07:47:00,,nan,,,41.4103914399,2.2282027324,"Barcelona, España",needs_id,714,meme,cc-by-nc,0,0,,,,,,
257344,2024-04-26,2024-04-26,2024-04-26,07:46:00,,nan,,,41.4103914399,2.2282027324,"Barcelona, España",needs_id,714,meme,cc-by-nc,0,0,,,,,,
257343,2024-04-26,2024-04-26,2024-04-26,07:45:00,,nan,,,41.4103914399,2.2282027324,"Barcelona, España",needs_id,714,meme,cc-by-nc,0,0,,,,,,
257342,2024-04-26,2024-04-26,2024-04-26,07:45:00,,nan,,,41.4103914399,2.2282027324,"Barcelona, España",needs_id,714,meme,cc-by-nc,0,0,,,,,,
257341,2024-04-26,2024-04-26,2024-04-26,07:45:00,,nan,,,41.4103914399,2.2282027324,"Barcelona, España",needs_id,714,meme,cc-by-nc,0,0,,,,,,
257340,2024-04-26,2024-04-26,2024-04-26,07:45:00,,nan,,,41.4103914399,2.2282027324,"Barcelona, España",needs_id,714,meme,cc-by-nc,0,0,,,,,,
257339,2024-04-26,2024-04-26,2024-04-26,07:45:00,,nan,,,41.4103914399,2.2282027324,"Barcelona, España",needs_id,714,meme,cc-by-nc,0,0,,,,,,
257338,2024-04-26,2024-04-26,2024-04-26,07:44:00,,nan,,,41.4103914399,2.2282027324,"Barcelona, España",needs_id,714,meme,cc-by-nc,0,0,,,,,,
257337,2024-04-26,2024-04-26,2024-04-26,07:44:00,,nan,,,41.4103914399,2.2282027324,"Barcelona, España",needs_id,714,meme,cc-by-nc,0,0,,,,,,
257336,2024-04-26,2024-04-26,2024-04-26,07:44:00,,nan,,,41.4103914399,2.2282027324,"Barcelona, España",needs_id,714,meme,cc-by-nc,0,0,,,,,,
257335,2024-04-26,2024-04-26,2024-04-26,07:43:00,,nan,,,41.4103914399,2.2282027324,"Barcelona, España",needs_id,714,meme,cc-by-nc,0,0,,,,,,
257334,2024-04-26,2024-04-26,2024-04-26,07:43:00,,nan,,,41.4103914399,2.2282027324,"Barcelona, España",needs_id,714,meme,cc-by-nc,0,0,,,,,,
257333,2024-04-26,2024-04-26,2024-04-26,07:42:00,,nan,,,41.4103914399,2.2282027324,"Barcelona, España",needs_id,714,meme,cc-by-nc,0,0,,,,,,
257332,2024-04-26,2024-04-26,2024-04-26,07:42:00,,nan,,,41.4103914399,2.2282027324,"Barcelona, España",needs_id,714,meme,cc-by-nc,0,0,,,,,,
257331,2024-04-26,2024-04-26,2024-04-26,07:42:00,,nan,,,41.4103914399,2.2282027324,"Barcelona, España",needs_id,714,meme,cc-by-nc,0,0,,,,,,
257330,2024-04-26,2024-04-26,2024-04-26,07:42:00,,nan,,,41.4103914399,2.2282027324,"Barcelona, España",needs_id,714,meme,cc-by-nc,0,0,,,,,,
257329,2024-04-26,2024-04-26,2024-04-26,07:41:00,,nan,,,41.4103914399,2.2282027324,"Barcelona, España",needs_id,714,meme,cc-by-nc,0,0,,,,,,
257328,2024-04-26,2024-04-26,2024-04-26,07:41:00,,nan,,,41.4103914399,2.2282027324,"Barcelona, España",needs_id,714,meme,cc-by-nc,0,0,,,,,,
257327,2024-04-26,2024-04-26,2024-04-26,07:40:00,,nan,,,41.4103914399,2.2282027324,"Barcelona, España",needs_id,714,meme,cc-by-nc,0,0,,,,,,
257326,2024-04-26,2024-04-26,2024-04-26,07:40:00,,nan,,,41.4103914399,2.2282027324,"Barcelona, España",needs_id,714,meme,cc-by-nc,0,0,,,,,,
257325,2024-04-26,2024-04-26,2024-04-26,07:39:00,,nan,,,41.4103914399,2.2282027324,"Barcelona, España",needs_id,714,meme,cc-by-nc,0,0,,,,,,
257324,2024-04-26,2024-04-26,2024-04-26,07:39:00,,nan,,,41.4103914399,2.2282027324,"Barcelona, España",needs_id,714,meme,cc-by-nc,0,0,,,,,,
257323,2024-04-26,2024-04-26,2024-04-26,07:38:00,,nan,,,41.4103914399,2.2282027324,"Barcelona, España",needs_id,714,meme,cc-by-nc,0,0,,,,,,
257322,2024-04-26,2024-04-26,2024-04-26,07:37:00,,nan,,,41.4103914399,2.2282027324,"Barcelona, España",needs_id,714,meme,cc-by-nc,0,0,,,,,,
257321,2024-04-26,2024-04-26,2024-04-26,07:37:00,,nan,,,41.4103914399,2.2282027324,"Barcelona, España",needs_id,714,meme,cc-by-nc,0,0,,,,,,
257320,2024-04-26,2024-04-26,2024-04-26,07:37:00,,nan,,,41.4103914399,2.2282027324,"Barcelona, España",needs_id,714,meme,cc-by-nc,0,0,,,,,,
257319,2024-04-26,2024-04-26,2024-04-26,07:36:00,,nan,,,41.4103914399,2.2282027324,"Barcelona, España",needs_id,714,meme,cc-by-nc,0,0,,,,,,
257318,2024-04-26,2024-04-26,2024-04-26,07:36:00,,nan,,,41.4103914399,2.2282027324,"Barcelona, España",needs_id,714,meme,cc-by-nc,0,0,,,,,,
257317,2024-04-26,2024-04-26,2024-04-26,07:36:00,,nan,,,41.4103914399,2.2282027324,"Barcelona, España",needs_id,714,meme,cc-by-nc,0,0,,,,,,
257316,2024-04-26,2024-04-26,2024-04-26,07:35:00,,nan,,,41.4103914399,2.2282027324,"Barcelona, España",needs_id,714,meme,cc-by-nc,0,0,,,,,,
257315,2024-04-26,2024-04-26,2024-04-26,07:35:00,,nan,,,41.4103914399,2.2282027324,"Barcelona, España",needs_id,714,meme,cc-by-nc,0,0,,,,,,
257314,2024-04-26,2024-04-26,2024-04-26,07:35:00,,nan,,,41.4103914399,2.2282027324,"Barcelona, España",needs_id,714,meme,cc-by-nc,0,0,,,,,,
257313,2024-04-26,2024-04-26,2024-04-26,07:35:00,,nan,,,41.4103914399,2.2282027324,"Barcelona, España",needs_id,714,meme,cc-by-nc,0,0,,,,,,
257312,2024-04-26,2024-04-26,2024-04-26,07:34:00,,nan,,,41.4103914399,2.2282027324,"Barcelona, España",needs_id,714,meme,cc-by-nc,0,0,,,,,,
257311,2024-04-26,2024-04-26,2024-04-26,07:34:00,,nan,,,41.4103914399,2.2282027324,"Barcelona, España",needs_id,714,meme,cc-by-nc,0,0,,,,,,
257310,2024-04-26,2024-04-26,2024-04-26,07:34:00,,nan,,,41.4103914399,2.2282027324,"Barcelona, España",needs_id,714,meme,cc-by-nc,0,0,,,,,,
257309,2024-04-26,2024-04-26,2024-04-26,07:34:00,,nan,,,41.4103914399,2.2282027324,"Barcelona, España",needs_id,714,meme,cc-by-nc,0,0,,,,,,
257308,2024-04-26,2024-04-26,2024-04-26,07:34:00,,nan,,,41.4103914399,2.2282027324,"Barcelona, España",needs_id,714,meme,cc-by-nc,0,0,,,,,,
257307,2024-04-26,2024-04-26,2024-04-26,07:33:00,,nan,,,41.4103914399,2.2282027324,"Barcelona, España",needs_id,714,meme,cc-by-nc,0,0,,,,,,
257306,2024-04-26,2024-04-26,2024-04-26,07:33:00,,nan,,,41.4103914399,2.2282027324,"Barcelona, España",needs_id,714,meme,cc-by-nc,0,0,,,,,,
257305,2024-04-26,2024-04-26,2024-04-26,07:33:00,,nan,,,41.4103914399,2.2282027324,"Barcelona, España",needs_id,714,meme,cc-by-nc,0,0,,,,,,
257304,2024-04-26,2024-04-26,2024-04-26,07:32:00,,nan,,,41.4103914399,2.2282027324,"Barcelona, España",needs_id,714,meme,cc-by-nc,0,0,,,,,,
257303,2024-04-26,2024-04-26,2024-04-26,07:32:00,,nan,,,41.4103914399,2.2282027324,"Barcelona, España",needs_id,714,meme,cc-by-nc,0,0,,,,,,
257302,2024-04-26,2024-04-26,2024-04-26,07:32:00,,nan,,,41.4103914399,2.2282027324,"Barcelona, España",needs_id,714,meme,cc-by-nc,0,0,,,,,,
257301,2024-04-26,2024-04-26,2024-04-26,07:32:00,,nan,,,41.4103914399,2.2282027324,"Barcelona, España",needs_id,714,meme,cc-by-nc,0,0,,,,,,
257300,2024-04-26,2024-04-26,2024-04-26,07:31:00,,nan,,,41.4103914399,2.2282027324,"Barcelona, España",needs_id,714,meme,cc-by-nc,0,0,,,,,,
257299,2024-04-26,2024-04-26,2024-04-26,07:31:00,,nan,,,41.4103914399,2.2282027324,"Barcelona, España",needs_id,714,meme,cc-by-nc,0,0,,,,,,
257298,2024-04-26,2024-04-26,2024-04-26,07:31:00,,nan,,,41.4103914399,2.2282027324,"Barcelona, España",needs_id,714,meme,cc-by-nc,0,0,,,,,,
257297,2024-04-26,2024-04-26,2024-04-26,07:30:00,,nan,,,41.4103914399,2.2282027324,"Barcelona, España",needs_id,714,meme,cc-by-nc,0,0,,,,,,
257296,2024-04-26,2024-04-26,2024-04-26,07:30:00,,nan,,,41.4103914399,2.2282027324,"Barcelona, España",needs_id,714,meme,cc-by-nc,0,0,,,,,,
257295,2024-04-26,2024-04-26,2024-04-26,07:30:00,,nan,,,41.4103914399,2.2282027324,"Barcelona, España",needs_id,714,meme,cc-by-nc,0,0,,,,,,
257294,2024-04-26,2024-04-26,2024-04-26,07:30:00,,nan,,,41.4103914399,2.2282027324,"Barcelona, España",needs_id,714,meme,cc-by-nc,0,0,,,,,,
257293,2024-04-26,2024-04-26,2024-04-26,07:30:00,,nan,,,41.4103914399,2.2282027324,"Barcelona, España",needs_id,714,meme,cc-by-nc,0,0,,,,,,
257292,2024-04-26,2024-04-26,2024-04-26,07:29:00,,nan,,,41.4103914399,2.2282027324,"Barcelona, España",needs_id,714,meme,cc-by-nc,0,0,,,,,,
257291,2024-04-26,2024-04-26,2024-04-26,07:29:00,,nan,,,41.4103914399,2.2282027324,"Barcelona, España",needs_id,714,meme,cc-by-nc,0,0,,,,,,
257290,2024-04-26,2024-04-26,2024-04-26,07:28:00,,nan,,,41.4103914399,2.2282027324,"Barcelona, España",needs_id,714,meme,cc-by-nc,0,0,,,,,,
257289,2024-04-26,2024-04-26,2024-04-26,07:28:00,,nan,,,41.4103914399,2.2282027324,"Barcelona, España",needs_id,714,meme,cc-by-nc,0,0,,,,,,
257288,2024-04-26,2024-04-26,2024-04-26,07:27:00,,nan,,,41.4103914399,2.2282027324,"Barcelona, España",needs_id,714,meme,cc-by-nc,0,0,,,,,,
257287,2024-04-26,2024-04-26,2024-04-26,07:27:00,,nan,,,41.4103914399,2.2282027324,"Barcelona, España",needs_id,714,meme,cc-by-nc,0,0,,,,,,
257286,2024-04-26,2024-04-26,2024-04-26,07:26:00,,nan,,,41.4103914399,2.2282027324,"Barcelona, España",needs_id,714,meme,cc-by-nc,0,0,,,,,,
257285,2024-04-26,2024-04-26,2024-04-26,07:25:00,,nan,,,41.4103914399,2.2282027324,"Barcelona, España",needs_id,714,meme,cc-by-nc,0,0,,,,,,
257284,2024-04-26,2024-04-26,2024-04-26,07:25:00,,nan,,,41.4103914399,2.2282027324,"Barcelona, España",needs_id,714,meme,cc-by-nc,0,0,,,,,,
257283,2024-04-26,2024-04-26,2024-04-26,07:24:00,,nan,,,41.4103914399,2.2282027324,"Barcelona, España",needs_id,714,meme,cc-by-nc,0,0,,,,,,
257282,2024-04-26,2024-04-26,2024-04-26,07:24:00,,nan,,,41.4103914399,2.2282027324,"Barcelona, España",needs_id,714,meme,cc-by-nc,0,0,,,,,,
257281,2024-04-26,2024-04-26,2024-04-26,07:24:00,,nan,,,41.4103914399,2.2282027324,"Barcelona, España",needs_id,714,meme,cc-by-nc,0,0,,,,,,
257280,2024-04-26,2024-04-26,2024-04-26,07:24:00,,nan,,,41.4103914399,2.2282027324,"Barcelona, España",needs_id,714,meme,cc-by-nc,0,0,,,,,,
257279,2024-04-26,2024-04-26,2024-04-26,07:23:00,,nan,,,41.4103914399,2.2282027324,"Barcelona, España",needs_id,714,meme,cc-by-nc,0,0,,,,,,
257278,2024-04-26,2024-04-26,2024-04-26,07:23:00,,nan,,,41.4103914399,2.2282027324,"Barcelona, España",needs_id,714,meme,cc-by-nc,0,0,,,,,,
257277,2024-04-26,2024-04-26,2024-04-26,07:23:00,,nan,,,41.4103914399,2.2282027324,"Barcelona, España",needs_id,714,meme,cc-by-nc,0,0,,,,,,
257276,2024-04-26,2024-04-26,2024-04-26,07:23:00,,nan,,,41.4103914399,2.2282027324,"Barcelona, España",needs_id,714,meme,cc-by-nc,0,0,,,,,,
257275,2024-04-26,2024-04-26,2024-04-26,07:22:00,,nan,,,41.4103914399,2.2282027324,"Barcelona, España",needs_id,714,meme,cc-by-nc,0,0,,,,,,
257274,2024-04-26,2024-04-26,2024-04-26,07:21:00,,nan,,,41.4103914399,2.2282027324,"Barcelona, España",needs_id,714,meme,cc-by-nc,0,0,,,,,,
257273,2024-04-26,2024-04-26,2024-04-26,07:21:00,,nan,,,41.4103914399,2.2282027324,"Barcelona, España",needs_id,714,meme,cc-by-nc,0,0,,,,,,
257272,2024-04-26,2024-04-26,2024-04-26,07:18:00,,nan,,,41.4103914399,2.2282027324,"Barcelona, España",needs_id,714,meme,cc-by-nc,0,0,,,,,,
257271,2024-04-26,2024-04-26,2024-04-26,07:17:00,,nan,,,41.4103914399,2.2282027324,"Barcelona, España",needs_id,714,meme,cc-by-nc,0,0,,,,,,
257270,2024-04-26,2024-04-26,2024-04-26,07:16:00,,nan,,,41.4103914399,2.2282027324,"Barcelona, España",needs_id,714,meme,cc-by-nc,0,0,,,,,,
257269,2024-04-26,2024-04-26,2024-04-26,07:16:00,,nan,,,41.4103914399,2.2282027324,"Barcelona, España",needs_id,714,meme,cc-by-nc,0,0,,,,,,
257268,2024-04-26,2024-04-26,2024-04-26,07:15:00,,nan,,,41.4103914399,2.2282027324,"Barcelona, España",needs_id,714,meme,cc-by-nc,0,0,,,,,,
257267,2024-04-26,2024-04-26,2024-04-26,07:15:00,,nan,,,41.4103914399,2.2282027324,"Barcelona, España",needs_id,714,meme,cc-by-nc,0,0,,,,,,
257266,2024-04-26,2024-04-26,2024-04-26,07:14:00,,nan,,,41.4103914399,2.2282027324,"Barcelona, España",needs_id,714,meme,cc-by-nc,0,0,,,,,,
257264,2024-04-26,2024-04-26,2024-04-26,10:59:00,aves,253889,species,Pica pica,41.4227736037,1.9994914307,"08780 Pallejà, Barcelona, España",needs_id,76,patopi,cc-by-nc-sa,0,0,Animalia,Chordata,Aves,Passeriformes,Corvidae,Pica
257263,2024-04-26,2024-04-26,2024-04-26,10:57:00,aves,243037,species,Cyanistes caeruleus,41.4227736037,1.999239303,"08780 Pallejà, Barcelona, España",needs_id,76,patopi,cc-by-nc-sa,0,0,Animalia,Chordata,Aves,Passeriformes,Paridae,Cyanistes
257262,2024-04-26,2024-04-26,2024-04-26,10:52:00,aves,252848,species,Passer domesticus,41.4229023235,1.9994377865,"08780 Pallejà, Barcelona, España",needs_id,76,patopi,cc-by-nc-sa,0,0,Animalia,Chordata,Aves,Passeriformes,Passeridae,Passer
257261,2024-04-26,2024-04-26,2024-04-26,10:48:00,aves,249670,species,Serinus serinus,41.4229778642,1.9994638052,"08780 Pallejà, Barcelona, España",needs_id,76,patopi,cc-by-nc-sa,0,0,Animalia,Chordata,Aves,Passeriformes,Fringillidae,Serinus
257260,2024-04-26,2024-04-26,2024-04-26,10:47:00,aves,247963,species,Myiopsitta monachus,41.4229315738,1.9991882533,"08780 Pallejà, Barcelona, España",needs_id,76,patopi,cc-by-nc-sa,0,0,Animalia,Chordata,Aves,Psittaciformes,Psittacidae,Myiopsitta
257259,2024-04-26,2024-04-26,2024-04-26,10:38:00,aves,247963,species,Myiopsitta monachus,41.4217641716,1.9977092743,"08780 Pallejà, Barcelona, España",needs_id,76,patopi,cc-by-nc-sa,0,0,Animalia,Chordata,Aves,Psittaciformes,Psittacidae,Myiopsitta
257216,2024-04-26,2024-04-26,2024-04-26,07:00:00,aves,249839,species,Gallinula chloropus,41.4199020759,2.0059252708,"Pallejà, Barcelona",needs_id,76,patopi,cc-by-nc-sa,0,0,Animalia,Chordata,Aves,Gruiformes,Rallidae,Gallinula
257215,2024-04-26,2024-04-26,2024-04-26,06:57:00,aves,248777,species,Ficedula hypoleuca,41.4196389934,2.0056946008,"Barcelona, España",needs_id,76,patopi,cc-by-nc-sa,0,0,Animalia,Chordata,Aves,Passeriformes,Muscicapidae,Ficedula
257213,2024-04-26,2024-04-26,2024-04-26,06:49:00,aves,245911,species,Ardea cinerea,41.4210553232,2.0056087679,"Pallejà, Barcelona",needs_id,76,patopi,cc-by-nc-sa,0,0,Animalia,Chordata,Aves,Ciconiiformes,Ardeidae,Ardea
257212,2024-04-26,2024-04-26,2024-04-26,06:47:00,aves,245522,species,Egretta garzetta,41.4205082465,2.0059842772,"Pallejà, Barcelona",research,76,patopi,cc-by-nc-sa,1,0,Animalia,Chordata,Aves,Ciconiiformes,Ardeidae,Egretta
257211,2024-04-26,2024-04-26,2024-04-26,06:47:00,aves,242634,species,Plegadis falcinellus,41.420122072,2.0060701079,"Pallejà, Barcelona",research,76,patopi,cc-by-nc-sa,1,0,Animalia,Chordata,Aves,Ciconiiformes,Threskiornithidae,Plegadis
257210,2024-04-26,2024-04-26,2024-04-26,06:45:00,aves,251700,species,Himantopus himantopus,41.4220538546,2.0052404451,"Pallejà, Barcelona",research,76,patopi,cc-by-nc-sa,1,0,Animalia,Chordata,Aves,Charadriiformes,,Himantopus
257209,2024-04-26,2024-04-26,2024-04-26,06:43:00,aves,249670,species,Serinus serinus,41.4200975816,2.0056302256,"Pallejà, Barcelona",research,76,patopi,cc-by-nc-sa,1,0,Animalia,Chordata,Aves,Passeriformes,Fringillidae,Serinus
257207,2024-04-26,2024-04-26,2024-04-26,06:39:00,aves,252835,species,Parus major,41.4226708474,2.0026634375,"Pallejà, Barcelona",research,76,patopi,cc-by-nc-sa,1,0,Animalia,Chordata,Aves,Passeriformes,Paridae,Parus
257206,2024-04-26,2024-04-26,2024-04-26,06:34:00,plantae,1247,family,Papaveraceae,41.4225763184,2.0026662081,"Pallejà, Barcelona",needs_id,76,patopi,cc-by-nc-sa,0,0,Plantae,Magnoliophyta,Magnoliopsida,Papaverales,,
257205,2024-04-26,2024-04-26,2024-04-26,06:34:00,aves,253889,species,Pica pica,41.4227492862,2.0025403208,"Pallejà, Barcelona",research,76,patopi,cc-by-nc-sa,1,0,Animalia,Chordata,Aves,Passeriformes,Corvidae,Pica
257204,2024-04-26,2024-04-26,2024-04-26,06:33:00,aves,252264,species,Columba livia,41.4226829149,2.0020307011,"08780 Pallejà, Barcelona, España",research,76,patopi,cc-by-nc-sa,1,0,Animalia,Chordata,Aves,Columbiformes,Columbidae,Columba
257203,2024-04-26,2024-04-26,2024-04-26,06:32:00,aves,250482,species,Sturnus unicolor,41.4228389895,2.00181076,"08780 Pallejà, Barcelona, España",research,76,patopi,cc-by-nc-sa,1,0,Animalia,Chordata,Aves,Passeriformes,Sturnidae,Sturnus
257201,2024-04-26,2024-04-26,2024-04-26,08:44:00,aves,252272,species,Columba palumbus,41.4231173433,1.9986104965,"08780 Pallejà, Barcelona, España",research,76,patopi,cc-by-nc-sa,1,0,Animalia,Chordata,Aves,Columbiformes,Columbidae,Columba
257200,2024-04-26,2024-04-26,2024-04-26,08:41:00,aves,247528,species,Motacilla alba,41.4228397917,1.9992220402,"08780 Pallejà, Barcelona, España",needs_id,76,patopi,cc-by-nc-sa,0,0,Animalia,Chordata,Aves,Passeriformes,Motacillidae,Motacilla
257199,2024-04-26,2024-04-26,2024-04-26,08:38:00,aves,252848,species,Passer domesticus,41.4229041516,1.9990074635,"08780 Pallejà, Barcelona, España",needs_id,76,patopi,cc-by-nc-sa,0,0,Animalia,Chordata,Aves,Passeriformes,Passeridae,Passer
257198,2024-04-26,2024-04-26,2024-04-26,08:37:00,aves,251759,species,Streptopelia decaocto,41.4230368934,1.9989699127,"08780 Pallejà, Barcelona, España",needs_id,76,patopi,cc-by-nc-sa,0,0,Animalia,Chordata,Aves,Columbiformes,Columbidae,Streptopelia
257197,2024-04-26,2024-04-26,2024-04-26,08:38:00,aves,253488,species,Upupa epops,41.4230031087,1.9993185997,"08780 Pallejà, Barcelona, España",needs_id,76,patopi,cc-by-nc-sa,0,0,Animalia,Chordata,Aves,Upupiformes,Upupidae,Upupa
257196,2024-04-26,2024-04-26,2024-04-26,08:35:00,aves,252264,species,Columba livia,41.4231605313,1.9992547538,"08780 Pallejà, Barcelona, España",needs_id,76,patopi,cc-by-nc-sa,0,0,Animalia,Chordata,Aves,Columbiformes,Columbidae,Columba
257195,2024-04-26,2024-04-26,2024-04-26,08:29:00,aves,251811,species,Hirundo rustica,41.4232910487,2.002759568,"Pallejà, Barcelona",needs_id,76,patopi,cc-by-nc-sa,0,0,Animalia,Chordata,Aves,Passeriformes,Hirundinidae,Hirundo
257194,2024-04-26,2024-04-26,2024-04-26,08:24:00,insecta,11,class,Insecta,41.4232525896,2.0035810179,"Pallejà, Barcelona",needs_id,76,patopi,cc-by-nc-sa,0,0,Animalia,Arthropoda,,,,
257193,2024-04-26,2024-04-26,2024-04-26,08:13:00,aves,251811,species,Hirundo rustica,41.4214121735,2.0048255631,"Pallejà, Barcelona",needs_id,76,patopi,cc-by-nc-sa,0,0,Animalia,Chordata,Aves,Passeriformes,Hirundinidae,Hirundo
257192,2024-04-26,2024-04-26,2024-04-26,08:10:00,aves,253488,species,Upupa epops,41.4200975816,2.0056302256,"Pallejà, Barcelona",needs_id,76,patopi,cc-by-nc-sa,0,0,Animalia,Chordata,Aves,Upupiformes,Upupidae,Upupa
257188,2024-04-26,2024-04-26,2024-04-26,08:04:00,aves,249670,species,Serinus serinus,41.4214523995,2.0049543089,"Pallejà, Barcelona",needs_id,76,patopi,cc-by-nc-sa,0,0,Animalia,Chordata,Aves,Passeriformes,Fringillidae,Serinus
257187,2024-04-26,2024-04-26,2024-04-26,08:03:00,aves,257136,species,Curruca melanocephala,41.4193606238,2.0055765814,"Pallejà, Barcelona",needs_id,76,patopi,cc-by-nc-sa,0,0,Animalia,Chordata,Aves,Passeriformes,Sylviidae,
257186,2024-04-26,2024-04-26,2024-04-26,07:51:00,aves,247147,species,Estrilda astrild,41.4197628936,2.0060164637,"Pallejà, Barcelona",needs_id,76,patopi,cc-by-nc-sa,0,0,Animalia,Chordata,Aves,Passeriformes,Estrildidae,Estrilda
257185,2024-04-26,2024-04-26,2024-04-26,07:50:00,aves,242634,species,Plegadis falcinellus,41.4206076521,2.0059628195,"Pallejà, Barcelona",needs_id,76,patopi,cc-by-nc-sa,0,0,Animalia,Chordata,Aves,Ciconiiformes,Threskiornithidae,Plegadis
257184,2024-04-26,2024-04-26,2024-04-26,07:49:00,insecta,241830,species,Pieris brassicae,41.4200975816,2.0056302256,"Pallejà, Barcelona",needs_id,76,patopi,cc-by-nc-sa,0,0,Animalia,Arthropoda,Insecta,Lepidoptera,Pieridae,Pieris
257183,2024-04-26,2024-04-26,2024-04-26,07:45:00,aves,252848,species,Passer domesticus,41.4198508739,2.0056899219,"Pallejà, Barcelona",needs_id,76,patopi,cc-by-nc-sa,0,0,Animalia,Chordata,Aves,Passeriformes,Passeridae,Passer
257182,2024-04-26,2024-04-26,2024-04-26,07:44:00,aves,246557,species,Apus melba,41.420466341,2.0052983193,"Pallejà, Barcelona",needs_id,76,patopi,cc-by-nc-sa,0,0,Animalia,Chordata,Aves,Apodiformes,Apodidae,Apus
257181,2024-04-26,2024-04-26,2024-04-26,07:43:00,aves,262222,species,Mareca strepera,41.4202209594,2.006038609,"Pallejà, Barcelona",needs_id,76,patopi,cc-by-nc-sa,0,0,Animalia,Chordata,Aves,Anseriformes,Anatidae,
257180,2024-04-26,2024-04-26,2024-04-26,07:40:00,aves,245686,species,Apus apus,41.4200975816,2.00540492,"Pallejà, Barcelona",needs_id,76,patopi,cc-by-nc-sa,0,0,Animalia,Chordata,Aves,Apodiformes,Apodidae,Apus
257179,2024-04-26,2024-04-26,2024-04-26,07:35:00,aves,252848,species,Passer domesticus,41.4189824879,2.0065314478,"Pallejà, Barcelona",needs_id,76,patopi,cc-by-nc-sa,0,0,Animalia,Chordata,Aves,Passeriformes,Passeridae,Passer
257178,2024-04-26,2024-04-26,2024-04-26,07:25:00,aves,249839,species,Gallinula chloropus,41.4195729031,2.0064509816,"Pallejà, Barcelona",needs_id,76,patopi,cc-by-nc-sa,0,0,Animalia,Chordata,Aves,Gruiformes,Rallidae,Gallinula
257177,2024-04-26,2024-04-26,2024-04-26,07:23:00,mammalia,246192,species,Sus scrofa,41.4191152386,2.006622643,"Pallejà, Barcelona",needs_id,76,patopi,cc-by-nc-sa,0,0,Animalia,Chordata,Mammalia,Artiodactyla,Suidae,Sus
257176,2024-04-26,2024-04-26,2024-04-26,07:21:00,aves,244453,species,Psittacula krameri,41.4195537136,2.0060486502,"Pallejà, Barcelona",needs_id,76,patopi,cc-by-nc-sa,0,0,Animalia,Chordata,Aves,Psittaciformes,Psittacidae,Psittacula
257175,2024-04-26,2024-04-26,2024-04-26,07:17:00,aves,242596,species,Actitis hypoleucos,41.4200975816,2.0056302256,"Pallejà, Barcelona",needs_id,76,patopi,cc-by-nc-sa,0,0,Animalia,Chordata,Aves,Ciconiiformes,Scolopacidae,Actitis
257174,2024-04-26,2024-04-26,2024-04-26,07:15:00,aves,244592,species,Anas platyrhynchos,41.4200412643,2.0055765801,"Barcelona, España",needs_id,76,patopi,cc-by-nc-sa,0,0,Animalia,Chordata,Aves,Anseriformes,Anatidae,Anas
257173,2024-04-26,2024-04-26,2024-04-26,07:15:00,aves,250289,species,Cettia cetti,41.4197255057,2.0060026652,"Pallejà, Barcelona",needs_id,76,patopi,cc-by-nc-sa,0,0,Animalia,Chordata,Aves,Passeriformes,Sylviidae,Cettia
257172,2024-04-26,2024-04-26,2024-04-26,07:14:00,aves,244575,species,Anas crecca,41.4184155053,2.0071036558,"Pallejà, Barcelona",needs_id,76,patopi,cc-by-nc-sa,0,0,Animalia,Chordata,Aves,Anseriformes,Anatidae,Anas
257170,2024-04-26,2024-04-26,2024-04-26,07:09:00,aves,252848,species,Passer domesticus,41.4200975816,2.0056302256,"Pallejà, Barcelona",needs_id,76,patopi,cc-by-nc-sa,0,0,Animalia,Chordata,Aves,Passeriformes,Passeridae,Passer
257169,2024-04-26,2024-04-26,2024-04-26,07:01:00,aves,251700,species,Himantopus himantopus,41.4199749129,2.0060670373,"Pallejà, Barcelona",needs_id,76,patopi,cc-by-nc-sa,0,0,Animalia,Chordata,Aves,Charadriiformes,,Himantopus
257168,2024-04-26,2024-04-26,2024-04-26,08:25:00,plantae,252738,species,Papaver rhoeas,41.3870595566,2.195556052,Spain,needs_id,817,marinatorresgi,cc0,0,0,Plantae,Magnoliophyta,Magnoliopsida,Papaverales,Papaveraceae,Papaver
257167,2024-04-26,2024-04-26,2024-04-26,08:20:00,plantae,241973,species,Ipomoea cairica,41.3874819338,2.1938033597,Spain,needs_id,817,marinatorresgi,cc0,0,0,Plantae,Magnoliophyta,Magnoliopsida,Solanales,Convolvulaceae,Ipomoea
257166,2024-04-26,2024-04-26,2024-04-26,08:18:00,,nan,,,41.3874749338,2.1937963597,Spain,needs_id,817,marinatorresgi,cc0,0,0,,,,,,
257165,2024-04-26,2024-04-26,2024-04-26,08:18:00,,nan,,,41.3874679338,2.1937893597,Spain,needs_id,817,marinatorresgi,cc0,0,0,,,,,,
257164,2024-04-26,2024-04-26,2024-04-26,08:17:00,,nan,,,41.3874609338,2.1937823597,Spain,needs_id,817,marinatorresgi,cc0,0,0,,,,,,
257163,2024-04-26,2024-04-26,2024-04-26,08:17:00,,nan,,,41.3874539338,2.1937753597,Spain,needs_id,817,marinatorresgi,cc0,0,0,,,,,,
257162,2024-04-26,2024-04-26,2024-04-26,08:16:00,,nan,,,41.3874469338,2.1937683597,Spain,needs_id,817,marinatorresgi,cc0,0,0,,,,,,
257161,2024-04-26,2024-04-26,2024-04-26,08:02:00,aves,249912,species,Garrulus glandarius,41.4022605783,2.1394733677,Spain,needs_id,2245,emilyastr,cc-by,0,0,Animalia,Chordata,Aves,Passeriformes,Corvidae,Garrulus
257160,2024-04-26,2024-04-26,2024-04-26,08:02:00,aves,252835,species,Parus major,41.4022535783,2.1394663677,Spain,needs_id,2245,emilyastr,cc-by,0,0,Animalia,Chordata,Aves,Passeriformes,Paridae,Parus
257159,2024-04-26,2024-04-26,2024-04-26,08:02:00,aves,253420,species,Turdus merula,41.4023169526,2.1393785253,Spain,needs_id,2245,emilyastr,cc-by,0,0,Animalia,Chordata,Aves,Passeriformes,Turdidae,Turdus
257158,2024-04-26,2024-04-26,2024-04-26,08:12:00,mollusca,246812,species,Rumina decollata,41.4224145663,2.0034431666,Spain,needs_id,76,patopi,cc-by-nc-sa,0,0,Animalia,Mollusca,Gastropoda,Stylommatophora,Subulinidae,Rumina
257155,2024-04-26,2024-04-26,2024-04-26,07:51:00,plantae,12,kingdom,Plantae,41.4164737099,2.0027493507,Spain,needs_id,76,patopi,cc-by-nc-sa,0,0,,,,,,
257154,2024-04-26,2024-04-26,2024-04-26,07:29:00,plantae,12,kingdom,Plantae,41.4127380967,2.0084595311,Spain,needs_id,76,patopi,cc-by-nc-sa,0,0,,,,,,
257153,2024-04-26,2024-04-26,2024-04-26,07:21:00,plantae,12,kingdom,Plantae,41.4118200956,2.0087752022,Spain,needs_id,76,patopi,cc-by-nc-sa,0,0,,,,,,
257152,2024-04-26,2024-04-26,2024-04-26,07:21:00,plantae,12,kingdom,Plantae,41.4118130956,2.0087682022,Spain,needs_id,76,patopi,cc-by-nc-sa,0,0,,,,,,
257151,2024-04-26,2024-04-26,2024-04-26,07:21:00,plantae,12,kingdom,Plantae,41.4118060956,2.0087612022,Spain,needs_id,76,patopi,cc-by-nc-sa,0,0,,,,,,
