id,photos_id,iconic_taxon,taxon_name,photos_medium_url,user_login,latitude,longitude,license_photo,attribution,path
264152,353899,aves,Columba livia,https://minka-sdg.org/attachments/local_photos/files/353899/medium.jpg,bertinhaco,41.1813,1.5279629722,cc-by-nc,"(c) Berta Companys Oliva, some rights reserved (CC BY-NC)",264152_353899.jpg
264151,353898,plantae,Medicago marina,https://minka-sdg.org/attachments/local_photos/files/353898/medium.jpg,bertinhaco,41.1811576234,1.5279033318,cc-by-nc,"(c) Berta Companys Oliva, some rights reserved (CC BY-NC)",264151_353898.jpg
264151,353900,plantae,Medicago marina,https://minka-sdg.org/attachments/local_photos/files/353900/medium.jpg,bertinhaco,41.1811576234,1.5279033318,cc-by-nc,"(c) Berta Companys Oliva, some rights reserved (CC BY-NC)",264151_353900.jpg
264150,353897,,,https://minka-sdg.org/attachments/local_photos/files/353897/medium.jpg,bertinhaco,41.181195979,1.5281527772,cc-by-nc,"(c) Berta Companys Oliva, some rights reserved (CC BY-NC)",264150_353897.jpg
264150,353895,,,https://minka-sdg.org/attachments/local_photos/files/353895/medium.jpg,bertinhaco,41.181195979,1.5281527772,cc-by-nc,"(c) Berta Companys Oliva, some rights reserved (CC BY-NC)",264150_353895.jpg
264149,353896,plantae,Pancratium maritimum,https://minka-sdg.org/attachments/local_photos/files/353896/medium.jpg,bertinhaco,41.1811596421,1.5281259551,cc-by-nc,"(c) Berta Companys Oliva, some rights reserved (CC BY-NC)",264149_353896.jpg
264148,353894,plantae,Plantago,https://minka-sdg.org/attachments/local_photos/files/353894/medium.jpg,bertinhaco,41.1811233052,1.5288747949,cc-by-nc,"(c) Berta Companys Oliva, some rights reserved (CC BY-NC)",264148_353894.jpg
264148,353893,plantae,Plantago,https://minka-sdg.org/attachments/local_photos/files/353893/medium.jpg,bertinhaco,41.1811233052,1.5288747949,cc-by-nc,"(c) Berta Companys Oliva, some rights reserved (CC BY-NC)",264148_353893.jpg
264147,353891,plantae,Medicago marina,https://minka-sdg.org/attachments/local_photos/files/353891/medium.jpg,bertinhaco,41.1812403907,1.5288126006,cc-by-nc,"(c) Berta Companys Oliva, some rights reserved (CC BY-NC)",264147_353891.jpg
264147,353892,plantae,Medicago marina,https://minka-sdg.org/attachments/local_photos/files/353892/medium.jpg,bertinhaco,41.1812403907,1.5288126006,cc-by-nc,"(c) Berta Companys Oliva, some rights reserved (CC BY-NC)",264147_353892.jpg
264146,353887,,,https://minka-sdg.org/attachments/local_photos/files/353887/medium.jpg,bertinhaco,41.1808527967,1.5289306178,cc-by-nc,"(c) Berta Companys Oliva, some rights reserved (CC BY-NC)",264146_353887.jpg
264146,353888,,,https://minka-sdg.org/attachments/local_photos/files/353888/medium.jpg,bertinhaco,41.1808527967,1.5289306178,cc-by-nc,"(c) Berta Companys Oliva, some rights reserved (CC BY-NC)",264146_353888.jpg
264145,353890,plantae,Eryngium maritimum,https://minka-sdg.org/attachments/local_photos/files/353890/medium.jpg,bertinhaco,41.1809658452,1.5288769736,cc-by-nc,"(c) Berta Companys Oliva, some rights reserved (CC BY-NC)",264145_353890.jpg
264145,353889,plantae,Eryngium maritimum,https://minka-sdg.org/attachments/local_photos/files/353889/medium.jpg,bertinhaco,41.1809658452,1.5288769736,cc-by-nc,"(c) Berta Companys Oliva, some rights reserved (CC BY-NC)",264145_353889.jpg
264144,353886,mollusca,Janthina,https://minka-sdg.org/attachments/local_photos/files/353886/medium.jpg,bertinhaco,41.1795278489,1.52968623,cc-by-nc,"(c) Berta Companys Oliva, some rights reserved (CC BY-NC)",264144_353886.jpg
264143,353885,crustacea,Lepas pectinata,https://minka-sdg.org/attachments/local_photos/files/353885/medium.jpg,bertinhaco,41.1794108581,1.5292361026,cc-by-nc,"(c) Berta Companys Oliva, some rights reserved (CC BY-NC)",264143_353885.jpg
264143,353884,crustacea,Lepas pectinata,https://minka-sdg.org/attachments/local_photos/files/353884/medium.jpg,bertinhaco,41.1794108581,1.5292361026,cc-by-nc,"(c) Berta Companys Oliva, some rights reserved (CC BY-NC)",264143_353884.jpg
264142,353882,cnidaria,Velella velella,https://minka-sdg.org/attachments/local_photos/files/353882/medium.jpg,bertinhaco,41.1794734888,1.5292468315,cc-by-nc,"(c) Berta Companys Oliva, some rights reserved (CC BY-NC)",264142_353882.jpg
264142,353883,cnidaria,Velella velella,https://minka-sdg.org/attachments/local_photos/files/353883/medium.jpg,bertinhaco,41.1794734888,1.5292468315,cc-by-nc,"(c) Berta Companys Oliva, some rights reserved (CC BY-NC)",264142_353883.jpg
264141,353881,mollusca,Chamelea gallina,https://minka-sdg.org/attachments/local_photos/files/353881/medium.jpg,bertinhaco,41.1793604377,1.5290751701,cc-by-nc,"(c) Berta Companys Oliva, some rights reserved (CC BY-NC)",264141_353881.jpg
264141,353880,mollusca,Chamelea gallina,https://minka-sdg.org/attachments/local_photos/files/353880/medium.jpg,bertinhaco,41.1793604377,1.5290751701,cc-by-nc,"(c) Berta Companys Oliva, some rights reserved (CC BY-NC)",264141_353880.jpg
264140,353901,mollusca,Donax trunculus,https://minka-sdg.org/attachments/local_photos/files/353901/medium.jpg,bertinhaco,41.1793106342,1.5289999139,cc-by-nc,"(c) Berta Companys Oliva, some rights reserved (CC BY-NC)",264140_353901.jpg
264140,353902,mollusca,Donax trunculus,https://minka-sdg.org/attachments/local_photos/files/353902/medium.jpg,bertinhaco,41.1793106342,1.5289999139,cc-by-nc,"(c) Berta Companys Oliva, some rights reserved (CC BY-NC)",264140_353902.jpg
264139,353878,mollusca,Donax venustus,https://minka-sdg.org/attachments/local_photos/files/353878/medium.jpg,bertinhaco,41.1793634904,1.529061759,cc-by-nc,"(c) Berta Companys Oliva, some rights reserved (CC BY-NC)",264139_353878.jpg
264139,353879,mollusca,Donax venustus,https://minka-sdg.org/attachments/local_photos/files/353879/medium.jpg,bertinhaco,41.1793634904,1.529061759,cc-by-nc,"(c) Berta Companys Oliva, some rights reserved (CC BY-NC)",264139_353879.jpg
264138,353877,mollusca,Sepia officinalis,https://minka-sdg.org/attachments/local_photos/files/353877/medium.jpg,bertinhaco,41.1793264206,1.52899877,cc-by-nc,"(c) Berta Companys Oliva, some rights reserved (CC BY-NC)",264138_353877.jpg
264137,353876,cnidaria,Velella velella,https://minka-sdg.org/attachments/local_photos/files/353876/medium.jpg,bertinhaco,41.1793336696,1.5290499819,cc-by-nc,"(c) Berta Companys Oliva, some rights reserved (CC BY-NC)",264137_353876.jpg
264136,353876,mollusca,Janthina,https://minka-sdg.org/attachments/local_photos/files/353876/medium.jpg,bertinhaco,41.1793336696,1.5290499819,cc-by-nc,"(c) Berta Companys Oliva, some rights reserved (CC BY-NC)",264136_353876.jpg
264135,353873,mollusca,Spisula subtruncata,https://minka-sdg.org/attachments/local_photos/files/353873/medium.jpg,bertinhaco,41.1793112143,1.5290203028,cc-by-nc,"(c) Berta Companys Oliva, some rights reserved (CC BY-NC)",264135_353873.jpg
264135,353875,mollusca,Spisula subtruncata,https://minka-sdg.org/attachments/local_photos/files/353875/medium.jpg,bertinhaco,41.1793112143,1.5290203028,cc-by-nc,"(c) Berta Companys Oliva, some rights reserved (CC BY-NC)",264135_353875.jpg
264134,353872,mollusca,Venus verrucosa,https://minka-sdg.org/attachments/local_photos/files/353872/medium.jpg,bertinhaco,41.1792957294,1.5289658798,cc-by-nc,"(c) Berta Companys Oliva, some rights reserved (CC BY-NC)",264134_353872.jpg
264134,353874,mollusca,Venus verrucosa,https://minka-sdg.org/attachments/local_photos/files/353874/medium.jpg,bertinhaco,41.1792957294,1.5289658798,cc-by-nc,"(c) Berta Companys Oliva, some rights reserved (CC BY-NC)",264134_353874.jpg
264133,353871,mollusca,Glycymeris glycymeris,https://minka-sdg.org/attachments/local_photos/files/353871/medium.jpg,bertinhaco,41.1792667059,1.5288881946,cc-by-nc,"(c) Berta Companys Oliva, some rights reserved (CC BY-NC)",264133_353871.jpg
264133,353868,mollusca,Glycymeris glycymeris,https://minka-sdg.org/attachments/local_photos/files/353868/medium.jpg,bertinhaco,41.1792667059,1.5288881946,cc-by-nc,"(c) Berta Companys Oliva, some rights reserved (CC BY-NC)",264133_353868.jpg
264132,353870,mollusca,Acanthocardia tuberculata,https://minka-sdg.org/attachments/local_photos/files/353870/medium.jpg,bertinhaco,41.1792289302,1.5287686838,cc-by-nc,"(c) Berta Companys Oliva, some rights reserved (CC BY-NC)",264132_353870.jpg
264131,353867,mollusca,Spisula elliptica,https://minka-sdg.org/attachments/local_photos/files/353867/medium.jpg,bertinhaco,41.1792057621,1.5286768689,cc-by-nc,"(c) Berta Companys Oliva, some rights reserved (CC BY-NC)",264131_353867.jpg
264131,353869,mollusca,Spisula elliptica,https://minka-sdg.org/attachments/local_photos/files/353869/medium.jpg,bertinhaco,41.1792057621,1.5286768689,cc-by-nc,"(c) Berta Companys Oliva, some rights reserved (CC BY-NC)",264131_353869.jpg
264130,353863,plantae,Ammophila arenaria,https://minka-sdg.org/attachments/local_photos/files/353863/medium.jpg,bertinhaco,41.1791689545,1.526943409,cc-by-nc,"(c) Berta Companys Oliva, some rights reserved (CC BY-NC)",264130_353863.jpg
264130,353865,plantae,Ammophila arenaria,https://minka-sdg.org/attachments/local_photos/files/353865/medium.jpg,bertinhaco,41.1791689545,1.526943409,cc-by-nc,"(c) Berta Companys Oliva, some rights reserved (CC BY-NC)",264130_353865.jpg
264129,353862,plantae,Salicornia europaea,https://minka-sdg.org/attachments/local_photos/files/353862/medium.jpg,bertinhaco,41.1795993184,1.5262453932,cc-by-nc,"(c) Berta Companys Oliva, some rights reserved (CC BY-NC)",264129_353862.jpg
264129,353864,plantae,Salicornia europaea,https://minka-sdg.org/attachments/local_photos/files/353864/medium.jpg,bertinhaco,41.1795993184,1.5262453932,cc-by-nc,"(c) Berta Companys Oliva, some rights reserved (CC BY-NC)",264129_353864.jpg
264129,353866,plantae,Salicornia europaea,https://minka-sdg.org/attachments/local_photos/files/353866/medium.jpg,bertinhaco,41.1795993184,1.5262453932,cc-by-nc,"(c) Berta Companys Oliva, some rights reserved (CC BY-NC)",264129_353866.jpg
264128,353860,plantae,Juncus acutus,https://minka-sdg.org/attachments/local_photos/files/353860/medium.jpg,bertinhaco,41.1797326242,1.5261405616,cc-by-nc,"(c) Berta Companys Oliva, some rights reserved (CC BY-NC)",264128_353860.jpg
264128,353859,plantae,Juncus acutus,https://minka-sdg.org/attachments/local_photos/files/353859/medium.jpg,bertinhaco,41.1797326242,1.5261405616,cc-by-nc,"(c) Berta Companys Oliva, some rights reserved (CC BY-NC)",264128_353859.jpg
264128,353861,plantae,Juncus acutus,https://minka-sdg.org/attachments/local_photos/files/353861/medium.jpg,bertinhaco,41.1797326242,1.5261405616,cc-by-nc,"(c) Berta Companys Oliva, some rights reserved (CC BY-NC)",264128_353861.jpg
264127,353858,plantae,Lobularia maritima,https://minka-sdg.org/attachments/local_photos/files/353858/medium.jpg,bertinhaco,41.1808714549,1.5256441294,cc-by-nc,"(c) Berta Companys Oliva, some rights reserved (CC BY-NC)",264127_353858.jpg
264127,353855,plantae,Lobularia maritima,https://minka-sdg.org/attachments/local_photos/files/353855/medium.jpg,bertinhaco,41.1808714549,1.5256441294,cc-by-nc,"(c) Berta Companys Oliva, some rights reserved (CC BY-NC)",264127_353855.jpg
264126,353857,plantae,Malva,https://minka-sdg.org/attachments/local_photos/files/353857/medium.jpg,bertinhaco,41.1808514472,1.5255561639,cc-by-nc,"(c) Berta Companys Oliva, some rights reserved (CC BY-NC)",264126_353857.jpg
264126,353856,plantae,Malva,https://minka-sdg.org/attachments/local_photos/files/353856/medium.jpg,bertinhaco,41.1808514472,1.5255561639,cc-by-nc,"(c) Berta Companys Oliva, some rights reserved (CC BY-NC)",264126_353856.jpg
264110,353802,mollusca,Diodora gibberula,https://minka-sdg.org/attachments/local_photos/files/353802/medium.jpeg,max,42.2941582602,3.2902452647,cc-by-nc,"(c) Max Zuna-Kratky Torres, some rights reserved (CC BY-NC)",264110_353802.jpg
264109,353801,echinodermata,Ophiothrix fragilis,https://minka-sdg.org/attachments/local_photos/files/353801/medium.jpeg,max,42.2941582602,3.2902452647,cc-by-nc,"(c) Max Zuna-Kratky Torres, some rights reserved (CC BY-NC)",264109_353801.jpg
264108,353799,echinodermata,Asterina gibbosa,https://minka-sdg.org/attachments/local_photos/files/353799/medium.jpeg,max,42.2941582602,3.2902452647,cc-by-nc,"(c) Max Zuna-Kratky Torres, some rights reserved (CC BY-NC)",264108_353799.jpg
264108,353800,echinodermata,Asterina gibbosa,https://minka-sdg.org/attachments/local_photos/files/353800/medium.jpeg,max,42.2941582602,3.2902452647,cc-by-nc,"(c) Max Zuna-Kratky Torres, some rights reserved (CC BY-NC)",264108_353800.jpg
264107,353797,platyhelminthes,Thysanozoon brocchii,https://minka-sdg.org/attachments/local_photos/files/353797/medium.jpeg,max,42.2941582602,3.2902452647,cc-by-nc,"(c) Max Zuna-Kratky Torres, some rights reserved (CC BY-NC)",264107_353797.jpg
264107,353796,platyhelminthes,Thysanozoon brocchii,https://minka-sdg.org/attachments/local_photos/files/353796/medium.jpeg,max,42.2941582602,3.2902452647,cc-by-nc,"(c) Max Zuna-Kratky Torres, some rights reserved (CC BY-NC)",264107_353796.jpg
264107,353798,platyhelminthes,Thysanozoon brocchii,https://minka-sdg.org/attachments/local_photos/files/353798/medium.jpeg,max,42.2941582602,3.2902452647,cc-by-nc,"(c) Max Zuna-Kratky Torres, some rights reserved (CC BY-NC)",264107_353798.jpg
264106,353795,mollusca,Aplysia,https://minka-sdg.org/attachments/local_photos/files/353795/medium.jpeg,max,42.2941582602,3.2902452647,cc-by-nc,"(c) Max Zuna-Kratky Torres, some rights reserved (CC BY-NC)",264106_353795.jpg
264105,353794,mollusca,Aplysia,https://minka-sdg.org/attachments/local_photos/files/353794/medium.jpeg,max,42.2941582602,3.2902452647,cc-by-nc,"(c) Max Zuna-Kratky Torres, some rights reserved (CC BY-NC)",264105_353794.jpg
264105,353792,mollusca,Aplysia,https://minka-sdg.org/attachments/local_photos/files/353792/medium.jpeg,max,42.2941582602,3.2902452647,cc-by-nc,"(c) Max Zuna-Kratky Torres, some rights reserved (CC BY-NC)",264105_353792.jpg
264105,353793,mollusca,Aplysia,https://minka-sdg.org/attachments/local_photos/files/353793/medium.jpeg,max,42.2941582602,3.2902452647,cc-by-nc,"(c) Max Zuna-Kratky Torres, some rights reserved (CC BY-NC)",264105_353793.jpg
264104,353791,porifera,Aplysina aerophoba,https://minka-sdg.org/attachments/local_photos/files/353791/medium.jpeg,max,42.2941582602,3.2902452647,cc-by-nc,"(c) Max Zuna-Kratky Torres, some rights reserved (CC BY-NC)",264104_353791.jpg
264103,353790,mollusca,Haliotis tuberculata,https://minka-sdg.org/attachments/local_photos/files/353790/medium.jpeg,max,42.2941582602,3.2902452647,cc-by-nc,"(c) Max Zuna-Kratky Torres, some rights reserved (CC BY-NC)",264103_353790.jpg
264103,353789,mollusca,Haliotis tuberculata,https://minka-sdg.org/attachments/local_photos/files/353789/medium.jpeg,max,42.2941582602,3.2902452647,cc-by-nc,"(c) Max Zuna-Kratky Torres, some rights reserved (CC BY-NC)",264103_353789.jpg
264102,353788,echinodermata,Ophiothrix fragilis,https://minka-sdg.org/attachments/local_photos/files/353788/medium.jpeg,max,42.2941582602,3.2902452647,cc-by-nc,"(c) Max Zuna-Kratky Torres, some rights reserved (CC BY-NC)",264102_353788.jpg
264102,353787,echinodermata,Ophiothrix fragilis,https://minka-sdg.org/attachments/local_photos/files/353787/medium.jpeg,max,42.2941582602,3.2902452647,cc-by-nc,"(c) Max Zuna-Kratky Torres, some rights reserved (CC BY-NC)",264102_353787.jpg
264101,353784,mollusca,Euthria cornea,https://minka-sdg.org/attachments/local_photos/files/353784/medium.jpeg,max,42.2941582602,3.2902452647,cc-by-nc,"(c) Max Zuna-Kratky Torres, some rights reserved (CC BY-NC)",264101_353784.jpg
264101,353785,mollusca,Euthria cornea,https://minka-sdg.org/attachments/local_photos/files/353785/medium.jpeg,max,42.2941582602,3.2902452647,cc-by-nc,"(c) Max Zuna-Kratky Torres, some rights reserved (CC BY-NC)",264101_353785.jpg
264101,353782,mollusca,Euthria cornea,https://minka-sdg.org/attachments/local_photos/files/353782/medium.jpeg,max,42.2941582602,3.2902452647,cc-by-nc,"(c) Max Zuna-Kratky Torres, some rights reserved (CC BY-NC)",264101_353782.jpg
264101,353783,mollusca,Euthria cornea,https://minka-sdg.org/attachments/local_photos/files/353783/medium.jpeg,max,42.2941582602,3.2902452647,cc-by-nc,"(c) Max Zuna-Kratky Torres, some rights reserved (CC BY-NC)",264101_353783.jpg
264100,353781,animalia,Botryllus schlosseri,https://minka-sdg.org/attachments/local_photos/files/353781/medium.jpeg,max,42.2941582602,3.2902452647,cc-by-nc,"(c) Max Zuna-Kratky Torres, some rights reserved (CC BY-NC)",264100_353781.jpg
264100,353780,animalia,Botryllus schlosseri,https://minka-sdg.org/attachments/local_photos/files/353780/medium.jpeg,max,42.2941582602,3.2902452647,cc-by-nc,"(c) Max Zuna-Kratky Torres, some rights reserved (CC BY-NC)",264100_353780.jpg
264099,353776,platyhelminthes,Platyhelminthes,https://minka-sdg.org/attachments/local_photos/files/353776/medium.jpeg,max,42.2941582602,3.2902452647,cc-by-nc,"(c) Max Zuna-Kratky Torres, some rights reserved (CC BY-NC)",264099_353776.jpg
264099,353779,platyhelminthes,Platyhelminthes,https://minka-sdg.org/attachments/local_photos/files/353779/medium.jpeg,max,42.2941582602,3.2902452647,cc-by-nc,"(c) Max Zuna-Kratky Torres, some rights reserved (CC BY-NC)",264099_353779.jpg
264099,353778,platyhelminthes,Platyhelminthes,https://minka-sdg.org/attachments/local_photos/files/353778/medium.jpeg,max,42.2941582602,3.2902452647,cc-by-nc,"(c) Max Zuna-Kratky Torres, some rights reserved (CC BY-NC)",264099_353778.jpg
264099,353777,platyhelminthes,Platyhelminthes,https://minka-sdg.org/attachments/local_photos/files/353777/medium.jpeg,max,42.2941582602,3.2902452647,cc-by-nc,"(c) Max Zuna-Kratky Torres, some rights reserved (CC BY-NC)",264099_353777.jpg
264098,353770,mollusca,Dendrodoris limbata,https://minka-sdg.org/attachments/local_photos/files/353770/medium.jpeg,max,42.2941582602,3.2902452647,cc-by-nc,"(c) Max Zuna-Kratky Torres, some rights reserved (CC BY-NC)",264098_353770.jpg
264098,353771,mollusca,Dendrodoris limbata,https://minka-sdg.org/attachments/local_photos/files/353771/medium.jpeg,max,42.2941582602,3.2902452647,cc-by-nc,"(c) Max Zuna-Kratky Torres, some rights reserved (CC BY-NC)",264098_353771.jpg
264098,353772,mollusca,Dendrodoris limbata,https://minka-sdg.org/attachments/local_photos/files/353772/medium.jpeg,max,42.2941582602,3.2902452647,cc-by-nc,"(c) Max Zuna-Kratky Torres, some rights reserved (CC BY-NC)",264098_353772.jpg
264098,353773,mollusca,Dendrodoris limbata,https://minka-sdg.org/attachments/local_photos/files/353773/medium.jpeg,max,42.2941582602,3.2902452647,cc-by-nc,"(c) Max Zuna-Kratky Torres, some rights reserved (CC BY-NC)",264098_353773.jpg
264098,353774,mollusca,Dendrodoris limbata,https://minka-sdg.org/attachments/local_photos/files/353774/medium.jpeg,max,42.2941582602,3.2902452647,cc-by-nc,"(c) Max Zuna-Kratky Torres, some rights reserved (CC BY-NC)",264098_353774.jpg
264098,353775,mollusca,Dendrodoris limbata,https://minka-sdg.org/attachments/local_photos/files/353775/medium.jpeg,max,42.2941582602,3.2902452647,cc-by-nc,"(c) Max Zuna-Kratky Torres, some rights reserved (CC BY-NC)",264098_353775.jpg
264097,353768,animalia,Tunicata,https://minka-sdg.org/attachments/local_photos/files/353768/medium.jpeg,max,42.2941582602,3.2902452647,cc-by-nc,"(c) Max Zuna-Kratky Torres, some rights reserved (CC BY-NC)",264097_353768.jpg
264097,353769,animalia,Tunicata,https://minka-sdg.org/attachments/local_photos/files/353769/medium.jpeg,max,42.2941582602,3.2902452647,cc-by-nc,"(c) Max Zuna-Kratky Torres, some rights reserved (CC BY-NC)",264097_353769.jpg
264096,353767,animalia,Animalia,https://minka-sdg.org/attachments/local_photos/files/353767/medium.jpeg,max,42.2941582602,3.2902452647,cc-by-nc,"(c) Max Zuna-Kratky Torres, some rights reserved (CC BY-NC)",264096_353767.jpg
264096,353766,animalia,Animalia,https://minka-sdg.org/attachments/local_photos/files/353766/medium.jpeg,max,42.2941582602,3.2902452647,cc-by-nc,"(c) Max Zuna-Kratky Torres, some rights reserved (CC BY-NC)",264096_353766.jpg
264096,353736,animalia,Animalia,https://minka-sdg.org/attachments/local_photos/files/353736/medium.jpeg,max,42.2941582602,3.2902452647,cc-by-nc,"(c) Max Zuna-Kratky Torres, some rights reserved (CC BY-NC)",264096_353736.jpg
264096,353759,animalia,Animalia,https://minka-sdg.org/attachments/local_photos/files/353759/medium.jpeg,max,42.2941582602,3.2902452647,cc-by-nc,"(c) Max Zuna-Kratky Torres, some rights reserved (CC BY-NC)",264096_353759.jpg
264095,353765,echinodermata,Marthasterias glacialis,https://minka-sdg.org/attachments/local_photos/files/353765/medium.jpeg,max,42.2941582602,3.2902452647,cc-by-nc,"(c) Max Zuna-Kratky Torres, some rights reserved (CC BY-NC)",264095_353765.jpg
264094,353764,mollusca,Bivalvia,https://minka-sdg.org/attachments/local_photos/files/353764/medium.jpeg,max,42.2941582602,3.2902452647,cc-by-nc,"(c) Max Zuna-Kratky Torres, some rights reserved (CC BY-NC)",264094_353764.jpg
264094,353763,mollusca,Bivalvia,https://minka-sdg.org/attachments/local_photos/files/353763/medium.jpeg,max,42.2941582602,3.2902452647,cc-by-nc,"(c) Max Zuna-Kratky Torres, some rights reserved (CC BY-NC)",264094_353763.jpg
264093,353762,chromista,Padina pavonica,https://minka-sdg.org/attachments/local_photos/files/353762/medium.jpeg,max,42.2941582602,3.2902452647,cc-by-nc,"(c) Max Zuna-Kratky Torres, some rights reserved (CC BY-NC)",264093_353762.jpg
264092,353761,mollusca,Polyplacophora,https://minka-sdg.org/attachments/local_photos/files/353761/medium.jpeg,max,42.2941582602,3.2902452647,cc-by-nc,"(c) Max Zuna-Kratky Torres, some rights reserved (CC BY-NC)",264092_353761.jpg
264091,353758,mollusca,Aplysia depilans,https://minka-sdg.org/attachments/local_photos/files/353758/medium.jpeg,max,42.2941582602,3.2902452647,cc-by-nc,"(c) Max Zuna-Kratky Torres, some rights reserved (CC BY-NC)",264091_353758.jpg
264091,353757,mollusca,Aplysia depilans,https://minka-sdg.org/attachments/local_photos/files/353757/medium.jpeg,max,42.2941582602,3.2902452647,cc-by-nc,"(c) Max Zuna-Kratky Torres, some rights reserved (CC BY-NC)",264091_353757.jpg
264090,353755,mollusca,Aplysia depilans,https://minka-sdg.org/attachments/local_photos/files/353755/medium.jpeg,max,42.2941582602,3.2902452647,cc-by-nc,"(c) Max Zuna-Kratky Torres, some rights reserved (CC BY-NC)",264090_353755.jpg
264089,353751,mollusca,Elysia timida,https://minka-sdg.org/attachments/local_photos/files/353751/medium.jpeg,max,42.2941582602,3.2902452647,cc-by-nc,"(c) Max Zuna-Kratky Torres, some rights reserved (CC BY-NC)",264089_353751.jpg
264089,353750,mollusca,Elysia timida,https://minka-sdg.org/attachments/local_photos/files/353750/medium.jpeg,max,42.2941582602,3.2902452647,cc-by-nc,"(c) Max Zuna-Kratky Torres, some rights reserved (CC BY-NC)",264089_353750.jpg
264088,353748,platyhelminthes,Platyhelminthes,https://minka-sdg.org/attachments/local_photos/files/353748/medium.jpeg,max,42.2941582602,3.2902452647,cc-by-nc,"(c) Max Zuna-Kratky Torres, some rights reserved (CC BY-NC)",264088_353748.jpg
264088,353749,platyhelminthes,Platyhelminthes,https://minka-sdg.org/attachments/local_photos/files/353749/medium.jpeg,max,42.2941582602,3.2902452647,cc-by-nc,"(c) Max Zuna-Kratky Torres, some rights reserved (CC BY-NC)",264088_353749.jpg
264088,353746,platyhelminthes,Platyhelminthes,https://minka-sdg.org/attachments/local_photos/files/353746/medium.jpeg,max,42.2941582602,3.2902452647,cc-by-nc,"(c) Max Zuna-Kratky Torres, some rights reserved (CC BY-NC)",264088_353746.jpg
264088,353747,platyhelminthes,Platyhelminthes,https://minka-sdg.org/attachments/local_photos/files/353747/medium.jpeg,max,42.2941582602,3.2902452647,cc-by-nc,"(c) Max Zuna-Kratky Torres, some rights reserved (CC BY-NC)",264088_353747.jpg
264087,353745,,Cystoseira,https://minka-sdg.org/attachments/local_photos/files/353745/medium.jpeg,max,42.2941582602,3.2902452647,cc-by-nc,"(c) Max Zuna-Kratky Torres, some rights reserved (CC BY-NC)",264087_353745.jpg
264086,353744,actinopterygii,Actinopterygii,https://minka-sdg.org/attachments/local_photos/files/353744/medium.jpeg,max,42.2941582602,3.2902452647,cc-by-nc,"(c) Max Zuna-Kratky Torres, some rights reserved (CC BY-NC)",264086_353744.jpg
264086,353743,actinopterygii,Actinopterygii,https://minka-sdg.org/attachments/local_photos/files/353743/medium.jpeg,max,42.2941582602,3.2902452647,cc-by-nc,"(c) Max Zuna-Kratky Torres, some rights reserved (CC BY-NC)",264086_353743.jpg
264086,353742,actinopterygii,Actinopterygii,https://minka-sdg.org/attachments/local_photos/files/353742/medium.jpeg,max,42.2941582602,3.2902452647,cc-by-nc,"(c) Max Zuna-Kratky Torres, some rights reserved (CC BY-NC)",264086_353742.jpg
264085,353741,plantae,Posidonia oceanica,https://minka-sdg.org/attachments/local_photos/files/353741/medium.jpeg,max,42.2941582602,3.2902452647,cc-by-nc,"(c) Max Zuna-Kratky Torres, some rights reserved (CC BY-NC)",264085_353741.jpg
264084,353741,animalia,Animalia,https://minka-sdg.org/attachments/local_photos/files/353741/medium.jpeg,max,42.2941582602,3.2902452647,cc-by-nc,"(c) Max Zuna-Kratky Torres, some rights reserved (CC BY-NC)",264084_353741.jpg
264083,353739,echinodermata,Ophiuroidea,https://minka-sdg.org/attachments/local_photos/files/353739/medium.jpeg,max,42.2941582602,3.2902452647,cc-by-nc,"(c) Max Zuna-Kratky Torres, some rights reserved (CC BY-NC)",264083_353739.jpg
264082,353738,echinodermata,Ophiuroidea,https://minka-sdg.org/attachments/local_photos/files/353738/medium.jpeg,max,42.2941582602,3.2902452647,cc-by-nc,"(c) Max Zuna-Kratky Torres, some rights reserved (CC BY-NC)",264082_353738.jpg
264081,353734,echinodermata,Holothuria,https://minka-sdg.org/attachments/local_photos/files/353734/medium.jpeg,max,42.2941582602,3.2902452647,cc-by-nc,"(c) Max Zuna-Kratky Torres, some rights reserved (CC BY-NC)",264081_353734.jpg
264080,353732,echinodermata,Ophiuroidea,https://minka-sdg.org/attachments/local_photos/files/353732/medium.jpeg,max,42.2941582602,3.2902452647,cc-by-nc,"(c) Max Zuna-Kratky Torres, some rights reserved (CC BY-NC)",264080_353732.jpg
264080,353733,echinodermata,Ophiuroidea,https://minka-sdg.org/attachments/local_photos/files/353733/medium.jpeg,max,42.2941582602,3.2902452647,cc-by-nc,"(c) Max Zuna-Kratky Torres, some rights reserved (CC BY-NC)",264080_353733.jpg
264066,353694,actinopterygii,Diplodus vulgaris,https://minka-sdg.org/attachments/local_photos/files/353694/medium.jpeg,manelor,42.383196007,3.1587666861,cc-by,"(c) manelor, some rights reserved (CC BY)",264066_353694.jpg
264065,353692,cnidaria,Pelagia noctiluca,https://minka-sdg.org/attachments/local_photos/files/353692/medium.jpeg,ealcaniz,41.547670144,2.5162608748,cc-by-nc-sa,"(c) Edu Alcaniz, some rights reserved (CC BY-NC-SA)",264065_353692.jpg
264065,353693,cnidaria,Pelagia noctiluca,https://minka-sdg.org/attachments/local_photos/files/353693/medium.jpeg,ealcaniz,41.547670144,2.5162608748,cc-by-nc-sa,"(c) Edu Alcaniz, some rights reserved (CC BY-NC-SA)",264065_353693.jpg
264064,353691,animalia,Halocynthia papillosa,https://minka-sdg.org/attachments/local_photos/files/353691/medium.jpeg,ealcaniz,41.547670144,2.5162608748,cc-by-nc-sa,"(c) Edu Alcaniz, some rights reserved (CC BY-NC-SA)",264064_353691.jpg
264063,353690,mollusca,Cratena peregrina,https://minka-sdg.org/attachments/local_photos/files/353690/medium.jpeg,ealcaniz,41.547670144,2.5162608748,cc-by-nc-sa,"(c) Edu Alcaniz, some rights reserved (CC BY-NC-SA)",264063_353690.jpg
264062,353689,cnidaria,Cereus pedunculatus,https://minka-sdg.org/attachments/local_photos/files/353689/medium.jpeg,ealcaniz,41.547670144,2.5162608748,cc-by-nc-sa,"(c) Edu Alcaniz, some rights reserved (CC BY-NC-SA)",264062_353689.jpg
264061,353688,chromista,Dictyota dichotoma,https://minka-sdg.org/attachments/local_photos/files/353688/medium.jpeg,ealcaniz,41.547670144,2.5162608748,cc-by-nc-sa,"(c) Edu Alcaniz, some rights reserved (CC BY-NC-SA)",264061_353688.jpg
264060,353687,porifera,Chondrosia reniformis,https://minka-sdg.org/attachments/local_photos/files/353687/medium.jpeg,ealcaniz,41.547670144,2.5162608748,cc-by-nc-sa,"(c) Edu Alcaniz, some rights reserved (CC BY-NC-SA)",264060_353687.jpg
264059,353684,plantae,Halimeda tuna,https://minka-sdg.org/attachments/local_photos/files/353684/medium.jpeg,ealcaniz,41.547670144,2.5162608748,cc-by-nc-sa,"(c) Edu Alcaniz, some rights reserved (CC BY-NC-SA)",264059_353684.jpg
264058,353686,annelida,Bonellia viridis,https://minka-sdg.org/attachments/local_photos/files/353686/medium.jpeg,ealcaniz,41.547670144,2.5162608748,cc-by-nc-sa,"(c) Edu Alcaniz, some rights reserved (CC BY-NC-SA)",264058_353686.jpg
264057,353685,chromista,Dictyota dichotoma,https://minka-sdg.org/attachments/local_photos/files/353685/medium.jpeg,ealcaniz,41.547670144,2.5162608748,cc-by-nc-sa,"(c) Edu Alcaniz, some rights reserved (CC BY-NC-SA)",264057_353685.jpg
264056,353683,bryozoa,Myriapora truncata,https://minka-sdg.org/attachments/local_photos/files/353683/medium.jpeg,ealcaniz,41.547670144,2.5162608748,cc-by-nc-sa,"(c) Edu Alcaniz, some rights reserved (CC BY-NC-SA)",264056_353683.jpg
264055,353682,annelida,Bonellia viridis,https://minka-sdg.org/attachments/local_photos/files/353682/medium.jpeg,ealcaniz,41.547670144,2.5162608748,cc-by-nc-sa,"(c) Edu Alcaniz, some rights reserved (CC BY-NC-SA)",264055_353682.jpg
264054,353681,porifera,Phorbas tenacior,https://minka-sdg.org/attachments/local_photos/files/353681/medium.jpeg,ealcaniz,41.547670144,2.5162608748,cc-by-nc-sa,"(c) Edu Alcaniz, some rights reserved (CC BY-NC-SA)",264054_353681.jpg
264053,353680,actinopterygii,Scorpaena maderensis,https://minka-sdg.org/attachments/local_photos/files/353680/medium.jpeg,ealcaniz,41.547670144,2.5162608748,cc-by-nc-sa,"(c) Edu Alcaniz, some rights reserved (CC BY-NC-SA)",264053_353680.jpg
264052,353676,plantae,Peyssonnelia,https://minka-sdg.org/attachments/local_photos/files/353676/medium.jpeg,ealcaniz,41.547670144,2.5162608748,cc-by-nc-sa,"(c) Edu Alcaniz, some rights reserved (CC BY-NC-SA)",264052_353676.jpg
264051,353677,actinopterygii,Tripterygion delaisi,https://minka-sdg.org/attachments/local_photos/files/353677/medium.jpeg,ealcaniz,41.547670144,2.5162608748,cc-by-nc-sa,"(c) Edu Alcaniz, some rights reserved (CC BY-NC-SA)",264051_353677.jpg
264051,353679,actinopterygii,Tripterygion delaisi,https://minka-sdg.org/attachments/local_photos/files/353679/medium.jpeg,ealcaniz,41.547670144,2.5162608748,cc-by-nc-sa,"(c) Edu Alcaniz, some rights reserved (CC BY-NC-SA)",264051_353679.jpg
264050,353675,actinopterygii,Scorpaena notata,https://minka-sdg.org/attachments/local_photos/files/353675/medium.jpeg,ealcaniz,41.547670144,2.5162608748,cc-by-nc-sa,"(c) Edu Alcaniz, some rights reserved (CC BY-NC-SA)",264050_353675.jpg
264049,353674,actinopterygii,Coris julis,https://minka-sdg.org/attachments/local_photos/files/353674/medium.jpeg,ealcaniz,41.547670144,2.5162608748,cc-by-nc-sa,"(c) Edu Alcaniz, some rights reserved (CC BY-NC-SA)",264049_353674.jpg
264048,353673,actinopterygii,Serranus scriba,https://minka-sdg.org/attachments/local_photos/files/353673/medium.jpeg,ealcaniz,41.547670144,2.5162608748,cc-by-nc-sa,"(c) Edu Alcaniz, some rights reserved (CC BY-NC-SA)",264048_353673.jpg
264047,353672,actinopterygii,Coris julis,https://minka-sdg.org/attachments/local_photos/files/353672/medium.jpeg,ealcaniz,41.547670144,2.5162608748,cc-by-nc-sa,"(c) Edu Alcaniz, some rights reserved (CC BY-NC-SA)",264047_353672.jpg
264046,353671,actinopterygii,Symphodus mediterraneus,https://minka-sdg.org/attachments/local_photos/files/353671/medium.jpeg,ealcaniz,41.547670144,2.5162608748,cc-by-nc-sa,"(c) Edu Alcaniz, some rights reserved (CC BY-NC-SA)",264046_353671.jpg
264045,353669,mollusca,Cerithium vulgatum,https://minka-sdg.org/attachments/local_photos/files/353669/medium.jpeg,ealcaniz,41.547670144,2.5162608748,cc-by-nc-sa,"(c) Edu Alcaniz, some rights reserved (CC BY-NC-SA)",264045_353669.jpg
264044,353670,echinodermata,Sphaerechinus granularis,https://minka-sdg.org/attachments/local_photos/files/353670/medium.jpeg,ealcaniz,41.547670144,2.5162608748,cc-by-nc-sa,"(c) Edu Alcaniz, some rights reserved (CC BY-NC-SA)",264044_353670.jpg
264043,353667,cnidaria,Leptogorgia sarmentosa,https://minka-sdg.org/attachments/local_photos/files/353667/medium.jpeg,ealcaniz,41.547670144,2.5162608748,cc-by-nc-sa,"(c) Edu Alcaniz, some rights reserved (CC BY-NC-SA)",264043_353667.jpg
264043,353668,cnidaria,Leptogorgia sarmentosa,https://minka-sdg.org/attachments/local_photos/files/353668/medium.jpeg,ealcaniz,41.547670144,2.5162608748,cc-by-nc-sa,"(c) Edu Alcaniz, some rights reserved (CC BY-NC-SA)",264043_353668.jpg
264042,353666,echinodermata,Holothuria tubulosa,https://minka-sdg.org/attachments/local_photos/files/353666/medium.jpeg,ealcaniz,41.547670144,2.5162608748,cc-by-nc-sa,"(c) Edu Alcaniz, some rights reserved (CC BY-NC-SA)",264042_353666.jpg
264041,353665,echinodermata,Holothuria forskali,https://minka-sdg.org/attachments/local_photos/files/353665/medium.jpeg,ealcaniz,41.547670144,2.5162608748,cc-by-nc-sa,"(c) Edu Alcaniz, some rights reserved (CC BY-NC-SA)",264041_353665.jpg
264040,353664,annelida,Bonellia viridis,https://minka-sdg.org/attachments/local_photos/files/353664/medium.jpeg,ealcaniz,41.547670144,2.5162608748,cc-by-nc-sa,"(c) Edu Alcaniz, some rights reserved (CC BY-NC-SA)",264040_353664.jpg
264039,353663,echinodermata,Holothuria forskali,https://minka-sdg.org/attachments/local_photos/files/353663/medium.jpeg,ealcaniz,41.547670144,2.5162608748,cc-by-nc-sa,"(c) Edu Alcaniz, some rights reserved (CC BY-NC-SA)",264039_353663.jpg
264038,353662,echinodermata,Echinaster sepositus,https://minka-sdg.org/attachments/local_photos/files/353662/medium.jpeg,ealcaniz,41.547670144,2.5162608748,cc-by-nc-sa,"(c) Edu Alcaniz, some rights reserved (CC BY-NC-SA)",264038_353662.jpg
264037,353661,cnidaria,Leptogorgia sarmentosa,https://minka-sdg.org/attachments/local_photos/files/353661/medium.jpeg,ealcaniz,41.547670144,2.5162608748,cc-by-nc-sa,"(c) Edu Alcaniz, some rights reserved (CC BY-NC-SA)",264037_353661.jpg
264036,353660,bryozoa,Pentapora fascialis,https://minka-sdg.org/attachments/local_photos/files/353660/medium.jpeg,ealcaniz,41.547670144,2.5162608748,cc-by-nc-sa,"(c) Edu Alcaniz, some rights reserved (CC BY-NC-SA)",264036_353660.jpg
264035,353658,porifera,Hemimycale columella,https://minka-sdg.org/attachments/local_photos/files/353658/medium.jpeg,ealcaniz,41.547670144,2.5162608748,cc-by-nc-sa,"(c) Edu Alcaniz, some rights reserved (CC BY-NC-SA)",264035_353658.jpg
264035,353659,porifera,Hemimycale columella,https://minka-sdg.org/attachments/local_photos/files/353659/medium.jpeg,ealcaniz,41.547670144,2.5162608748,cc-by-nc-sa,"(c) Edu Alcaniz, some rights reserved (CC BY-NC-SA)",264035_353659.jpg
264034,353657,plantae,Codium bursa,https://minka-sdg.org/attachments/local_photos/files/353657/medium.jpeg,ealcaniz,41.547670144,2.5162608748,cc-by-nc-sa,"(c) Edu Alcaniz, some rights reserved (CC BY-NC-SA)",264034_353657.jpg
264033,353656,cnidaria,Eunicella verrucosa,https://minka-sdg.org/attachments/local_photos/files/353656/medium.jpeg,ealcaniz,41.547670144,2.5162608748,cc-by-nc-sa,"(c) Edu Alcaniz, some rights reserved (CC BY-NC-SA)",264033_353656.jpg
264032,353655,porifera,Axinella verrucosa,https://minka-sdg.org/attachments/local_photos/files/353655/medium.jpeg,ealcaniz,41.547670144,2.5162608748,cc-by-nc-sa,"(c) Edu Alcaniz, some rights reserved (CC BY-NC-SA)",264032_353655.jpg
264031,353654,cnidaria,Eunicella gazella,https://minka-sdg.org/attachments/local_photos/files/353654/medium.jpeg,ealcaniz,41.547670144,2.5162608748,cc-by-nc-sa,"(c) Edu Alcaniz, some rights reserved (CC BY-NC-SA)",264031_353654.jpg
264030,353653,echinodermata,Holothuria forskali,https://minka-sdg.org/attachments/local_photos/files/353653/medium.jpeg,ealcaniz,41.547670144,2.5162608748,cc-by-nc-sa,"(c) Edu Alcaniz, some rights reserved (CC BY-NC-SA)",264030_353653.jpg
264029,353652,porifera,Axinella verrucosa,https://minka-sdg.org/attachments/local_photos/files/353652/medium.jpeg,ealcaniz,41.547670144,2.5162608748,cc-by-nc-sa,"(c) Edu Alcaniz, some rights reserved (CC BY-NC-SA)",264029_353652.jpg
264028,353651,echinodermata,Sphaerechinus granularis,https://minka-sdg.org/attachments/local_photos/files/353651/medium.jpeg,ealcaniz,41.547670144,2.5162608748,cc-by-nc-sa,"(c) Edu Alcaniz, some rights reserved (CC BY-NC-SA)",264028_353651.jpg
264027,353650,cnidaria,Leptogorgia sarmentosa,https://minka-sdg.org/attachments/local_photos/files/353650/medium.jpeg,ealcaniz,41.547670144,2.5162608748,cc-by-nc-sa,"(c) Edu Alcaniz, some rights reserved (CC BY-NC-SA)",264027_353650.jpg
264026,353649,actinopterygii,Serranus cabrilla,https://minka-sdg.org/attachments/local_photos/files/353649/medium.jpeg,ealcaniz,41.547670144,2.5162608748,cc-by-nc-sa,"(c) Edu Alcaniz, some rights reserved (CC BY-NC-SA)",264026_353649.jpg
264025,353647,actinopterygii,Symphodus mediterraneus,https://minka-sdg.org/attachments/local_photos/files/353647/medium.jpeg,ealcaniz,41.547670144,2.5162608748,cc-by-nc-sa,"(c) Edu Alcaniz, some rights reserved (CC BY-NC-SA)",264025_353647.jpg
264025,353648,actinopterygii,Symphodus mediterraneus,https://minka-sdg.org/attachments/local_photos/files/353648/medium.jpeg,ealcaniz,41.547670144,2.5162608748,cc-by-nc-sa,"(c) Edu Alcaniz, some rights reserved (CC BY-NC-SA)",264025_353648.jpg
264024,353646,echinodermata,Holothuria forskali,https://minka-sdg.org/attachments/local_photos/files/353646/medium.jpeg,ealcaniz,41.547670144,2.5162608748,cc-by-nc-sa,"(c) Edu Alcaniz, some rights reserved (CC BY-NC-SA)",264024_353646.jpg
264023,353645,actinopterygii,Serranus cabrilla,https://minka-sdg.org/attachments/local_photos/files/353645/medium.jpeg,ealcaniz,41.547670144,2.5162608748,cc-by-nc-sa,"(c) Edu Alcaniz, some rights reserved (CC BY-NC-SA)",264023_353645.jpg
264022,353644,porifera,Chondrosia reniformis,https://minka-sdg.org/attachments/local_photos/files/353644/medium.jpeg,ealcaniz,41.547670144,2.5162608748,cc-by-nc-sa,"(c) Edu Alcaniz, some rights reserved (CC BY-NC-SA)",264022_353644.jpg
264021,353643,porifera,Crambe crambe,https://minka-sdg.org/attachments/local_photos/files/353643/medium.jpeg,ealcaniz,41.547670144,2.5162608748,cc-by-nc-sa,"(c) Edu Alcaniz, some rights reserved (CC BY-NC-SA)",264021_353643.jpg
264020,353642,actinopterygii,Scorpaena maderensis,https://minka-sdg.org/attachments/local_photos/files/353642/medium.jpeg,ealcaniz,41.547670144,2.5162608748,cc-by-nc-sa,"(c) Edu Alcaniz, some rights reserved (CC BY-NC-SA)",264020_353642.jpg
264019,353641,cnidaria,Eunicella singularis,https://minka-sdg.org/attachments/local_photos/files/353641/medium.jpeg,ealcaniz,41.547670144,2.5162608748,cc-by-nc-sa,"(c) Edu Alcaniz, some rights reserved (CC BY-NC-SA)",264019_353641.jpg
264018,353640,annelida,Bonellia viridis,https://minka-sdg.org/attachments/local_photos/files/353640/medium.jpeg,ealcaniz,41.547670144,2.5162608748,cc-by-nc-sa,"(c) Edu Alcaniz, some rights reserved (CC BY-NC-SA)",264018_353640.jpg
264017,353639,cnidaria,Eunicella singularis,https://minka-sdg.org/attachments/local_photos/files/353639/medium.jpeg,ealcaniz,41.547670144,2.5162608748,cc-by-nc-sa,"(c) Edu Alcaniz, some rights reserved (CC BY-NC-SA)",264017_353639.jpg
264016,353638,actinopterygii,Apogon imberbis,https://minka-sdg.org/attachments/local_photos/files/353638/medium.jpeg,ealcaniz,41.547670144,2.5162608748,cc-by-nc-sa,"(c) Edu Alcaniz, some rights reserved (CC BY-NC-SA)",264016_353638.jpg
264015,353637,chromista,Dictyota dichotoma,https://minka-sdg.org/attachments/local_photos/files/353637/medium.jpeg,ealcaniz,41.547670144,2.5162608748,cc-by-nc-sa,"(c) Edu Alcaniz, some rights reserved (CC BY-NC-SA)",264015_353637.jpg
264014,353636,actinopterygii,Muraena helena,https://minka-sdg.org/attachments/local_photos/files/353636/medium.jpeg,ealcaniz,41.547670144,2.5162608748,cc-by-nc-sa,"(c) Edu Alcaniz, some rights reserved (CC BY-NC-SA)",264014_353636.jpg
264013,353634,cnidaria,Cladocora caespitosa,https://minka-sdg.org/attachments/local_photos/files/353634/medium.jpeg,ealcaniz,41.547670144,2.5162608748,cc-by-nc-sa,"(c) Edu Alcaniz, some rights reserved (CC BY-NC-SA)",264013_353634.jpg
264012,353633,actinopterygii,Symphodus mediterraneus,https://minka-sdg.org/attachments/local_photos/files/353633/medium.jpeg,ealcaniz,41.547670144,2.5162608748,cc-by-nc-sa,"(c) Edu Alcaniz, some rights reserved (CC BY-NC-SA)",264012_353633.jpg
264011,353632,annelida,Protula tubularia,https://minka-sdg.org/attachments/local_photos/files/353632/medium.jpeg,ealcaniz,41.547670144,2.5162608748,cc-by-nc-sa,"(c) Edu Alcaniz, some rights reserved (CC BY-NC-SA)",264011_353632.jpg
264010,353631,platyhelminthes,Prostheceraeus roseus,https://minka-sdg.org/attachments/local_photos/files/353631/medium.jpeg,ealcaniz,41.547670144,2.5162608748,cc-by-nc-sa,"(c) Edu Alcaniz, some rights reserved (CC BY-NC-SA)",264010_353631.jpg
264009,353630,echinodermata,Holothuria forskali,https://minka-sdg.org/attachments/local_photos/files/353630/medium.jpeg,ealcaniz,41.547670144,2.5162608748,cc-by-nc-sa,"(c) Edu Alcaniz, some rights reserved (CC BY-NC-SA)",264009_353630.jpg
264008,353629,porifera,Agelas oroides,https://minka-sdg.org/attachments/local_photos/files/353629/medium.jpeg,ealcaniz,41.547670144,2.5162608748,cc-by-nc-sa,"(c) Edu Alcaniz, some rights reserved (CC BY-NC-SA)",264008_353629.jpg
264007,353628,cnidaria,Parazoanthus axinellae,https://minka-sdg.org/attachments/local_photos/files/353628/medium.jpeg,ealcaniz,41.547670144,2.5162608748,cc-by-nc-sa,"(c) Edu Alcaniz, some rights reserved (CC BY-NC-SA)",264007_353628.jpg
264006,353627,,,https://minka-sdg.org/attachments/local_photos/files/353627/medium.jpeg,ealcaniz,41.547670144,2.5162608748,cc-by-nc-sa,"(c) Edu Alcaniz, some rights reserved (CC BY-NC-SA)",264006_353627.jpg
264005,353626,annelida,Protula tubularia,https://minka-sdg.org/attachments/local_photos/files/353626/medium.jpeg,ealcaniz,41.547670144,2.5162608748,cc-by-nc-sa,"(c) Edu Alcaniz, some rights reserved (CC BY-NC-SA)",264005_353626.jpg
264004,353625,cnidaria,Leptogorgia sarmentosa,https://minka-sdg.org/attachments/local_photos/files/353625/medium.jpeg,ealcaniz,41.547670144,2.5162608748,cc-by-nc-sa,"(c) Edu Alcaniz, some rights reserved (CC BY-NC-SA)",264004_353625.jpg
264003,353624,echinodermata,Sphaerechinus granularis,https://minka-sdg.org/attachments/local_photos/files/353624/medium.jpeg,ealcaniz,41.547670144,2.5162608748,cc-by-nc-sa,"(c) Edu Alcaniz, some rights reserved (CC BY-NC-SA)",264003_353624.jpg
264002,353623,cnidaria,Aglaophenia acacia,https://minka-sdg.org/attachments/local_photos/files/353623/medium.jpeg,ealcaniz,41.547670144,2.5162608748,cc-by-nc-sa,"(c) Edu Alcaniz, some rights reserved (CC BY-NC-SA)",264002_353623.jpg
264001,353622,echinodermata,Holothuria tubulosa,https://minka-sdg.org/attachments/local_photos/files/353622/medium.jpeg,ealcaniz,41.547670144,2.5162608748,cc-by-nc-sa,"(c) Edu Alcaniz, some rights reserved (CC BY-NC-SA)",264001_353622.jpg
264000,353621,mollusca,Cerithium vulgatum,https://minka-sdg.org/attachments/local_photos/files/353621/medium.jpeg,ealcaniz,41.547670144,2.5162608748,cc-by-nc-sa,"(c) Edu Alcaniz, some rights reserved (CC BY-NC-SA)",264000_353621.jpg
263999,353620,annelida,Bonellia viridis,https://minka-sdg.org/attachments/local_photos/files/353620/medium.jpeg,ealcaniz,41.547670144,2.5162608748,cc-by-nc-sa,"(c) Edu Alcaniz, some rights reserved (CC BY-NC-SA)",263999_353620.jpg
263998,353618,chromista,Padina pavonica,https://minka-sdg.org/attachments/local_photos/files/353618/medium.jpeg,ealcaniz,41.547670144,2.5162608748,cc-by-nc-sa,"(c) Edu Alcaniz, some rights reserved (CC BY-NC-SA)",263998_353618.jpg
263997,353615,mollusca,Luisella babai,https://minka-sdg.org/attachments/local_photos/files/353615/medium.jpeg,ealcaniz,41.547670144,2.5162608748,cc-by-nc-sa,"(c) Edu Alcaniz, some rights reserved (CC BY-NC-SA)",263997_353615.jpg
263997,353617,mollusca,Luisella babai,https://minka-sdg.org/attachments/local_photos/files/353617/medium.jpeg,ealcaniz,41.547670144,2.5162608748,cc-by-nc-sa,"(c) Edu Alcaniz, some rights reserved (CC BY-NC-SA)",263997_353617.jpg
263996,353614,mollusca,Luisella babai,https://minka-sdg.org/attachments/local_photos/files/353614/medium.jpeg,ealcaniz,41.547670144,2.5162608748,cc-by-nc-sa,"(c) Edu Alcaniz, some rights reserved (CC BY-NC-SA)",263996_353614.jpg
263995,353613,mollusca,Nemesignis banyulensis,https://minka-sdg.org/attachments/local_photos/files/353613/medium.jpeg,ealcaniz,41.547670144,2.5162608748,cc-by-nc-sa,"(c) Edu Alcaniz, some rights reserved (CC BY-NC-SA)",263995_353613.jpg
263995,353619,mollusca,Nemesignis banyulensis,https://minka-sdg.org/attachments/local_photos/files/353619/medium.jpeg,ealcaniz,41.547670144,2.5162608748,cc-by-nc-sa,"(c) Edu Alcaniz, some rights reserved (CC BY-NC-SA)",263995_353619.jpg
263994,353612,annelida,Filograna implexa,https://minka-sdg.org/attachments/local_photos/files/353612/medium.jpeg,ealcaniz,41.547670144,2.5162608748,cc-by-nc-sa,"(c) Edu Alcaniz, some rights reserved (CC BY-NC-SA)",263994_353612.jpg
263993,353611,plantae,Halimeda tuna,https://minka-sdg.org/attachments/local_photos/files/353611/medium.jpeg,ealcaniz,41.547670144,2.5162608748,cc-by-nc-sa,"(c) Edu Alcaniz, some rights reserved (CC BY-NC-SA)",263993_353611.jpg
263992,353610,mollusca,Arca noae,https://minka-sdg.org/attachments/local_photos/files/353610/medium.jpeg,ealcaniz,41.547670144,2.5162608748,cc-by-nc-sa,"(c) Edu Alcaniz, some rights reserved (CC BY-NC-SA)",263992_353610.jpg
263991,353609,,,https://minka-sdg.org/attachments/local_photos/files/353609/medium.jpeg,ealcaniz,41.547670144,2.5162608748,cc-by-nc-sa,"(c) Edu Alcaniz, some rights reserved (CC BY-NC-SA)",263991_353609.jpg
263990,353608,echinodermata,Sphaerechinus granularis,https://minka-sdg.org/attachments/local_photos/files/353608/medium.jpeg,ealcaniz,41.547670144,2.5162608748,cc-by-nc-sa,"(c) Edu Alcaniz, some rights reserved (CC BY-NC-SA)",263990_353608.jpg
263989,353607,cnidaria,Eunicella gazella,https://minka-sdg.org/attachments/local_photos/files/353607/medium.jpeg,ealcaniz,41.547670144,2.5162608748,cc-by-nc-sa,"(c) Edu Alcaniz, some rights reserved (CC BY-NC-SA)",263989_353607.jpg
263988,353605,porifera,Axinella verrucosa,https://minka-sdg.org/attachments/local_photos/files/353605/medium.jpeg,ealcaniz,41.547670144,2.5162608748,cc-by-nc-sa,"(c) Edu Alcaniz, some rights reserved (CC BY-NC-SA)",263988_353605.jpg
263988,353606,porifera,Axinella verrucosa,https://minka-sdg.org/attachments/local_photos/files/353606/medium.jpeg,ealcaniz,41.547670144,2.5162608748,cc-by-nc-sa,"(c) Edu Alcaniz, some rights reserved (CC BY-NC-SA)",263988_353606.jpg
263987,353604,echinodermata,Holothuria forskali,https://minka-sdg.org/attachments/local_photos/files/353604/medium.jpeg,ealcaniz,41.547670144,2.5162608748,cc-by-nc-sa,"(c) Edu Alcaniz, some rights reserved (CC BY-NC-SA)",263987_353604.jpg
263986,353603,crustacea,Palinurus elephas,https://minka-sdg.org/attachments/local_photos/files/353603/medium.jpeg,ealcaniz,41.547670144,2.5162608748,cc-by-nc-sa,"(c) Edu Alcaniz, some rights reserved (CC BY-NC-SA)",263986_353603.jpg
263985,353602,porifera,Axinella verrucosa,https://minka-sdg.org/attachments/local_photos/files/353602/medium.jpeg,ealcaniz,41.547670144,2.5162608748,cc-by-nc-sa,"(c) Edu Alcaniz, some rights reserved (CC BY-NC-SA)",263985_353602.jpg
263984,353600,crustacea,Palinurus elephas,https://minka-sdg.org/attachments/local_photos/files/353600/medium.jpeg,ealcaniz,41.547670144,2.5162608748,cc-by-nc-sa,"(c) Edu Alcaniz, some rights reserved (CC BY-NC-SA)",263984_353600.jpg
263983,353678,actinopterygii,Symphodus tinca,https://minka-sdg.org/attachments/local_photos/files/353678/medium.jpeg,manelor,42.3830599916,3.1583343722,cc-by,"(c) manelor, some rights reserved (CC BY)",263983_353678.jpg
263982,353635,actinopterygii,Symphodus ocellatus,https://minka-sdg.org/attachments/local_photos/files/353635/medium.jpeg,manelor,42.3827201313,3.1587728496,cc-by,"(c) manelor, some rights reserved (CC BY)",263982_353635.jpg
263981,353601,chromista,Dictyota,https://minka-sdg.org/attachments/local_photos/files/353601/medium.jpeg,manelor,42.3825691862,3.1586795696,cc-by,"(c) manelor, some rights reserved (CC BY)",263981_353601.jpg
263981,353616,chromista,Dictyota,https://minka-sdg.org/attachments/local_photos/files/353616/medium.jpeg,manelor,42.3825691862,3.1586795696,cc-by,"(c) manelor, some rights reserved (CC BY)",263981_353616.jpg
263980,353599,mollusca,Muricidae,https://minka-sdg.org/attachments/local_photos/files/353599/medium.jpeg,manelor,42.3830994667,3.1587481657,cc-by,"(c) manelor, some rights reserved (CC BY)",263980_353599.jpg
263979,353598,actinopterygii,Symphodus roissali,https://minka-sdg.org/attachments/local_photos/files/353598/medium.jpeg,manelor,42.3817199548,3.1594757104,cc-by,"(c) manelor, some rights reserved (CC BY)",263979_353598.jpg
263978,353597,plantae,Amphiroa,https://minka-sdg.org/attachments/local_photos/files/353597/medium.jpeg,manelor,42.3815409236,3.1586646799,cc-by,"(c) manelor, some rights reserved (CC BY)",263978_353597.jpg
263977,353591,actinopterygii,Coris julis,https://minka-sdg.org/attachments/local_photos/files/353591/medium.jpeg,ealcaniz,41.547670144,2.5162608748,cc-by-nc-sa,"(c) Edu Alcaniz, some rights reserved (CC BY-NC-SA)",263977_353591.jpg
263976,353590,porifera,Sarcotragus fasciculatus,https://minka-sdg.org/attachments/local_photos/files/353590/medium.jpeg,ealcaniz,41.547670144,2.5162608748,cc-by-nc-sa,"(c) Edu Alcaniz, some rights reserved (CC BY-NC-SA)",263976_353590.jpg
263975,353589,animalia,Halocynthia papillosa,https://minka-sdg.org/attachments/local_photos/files/353589/medium.jpeg,ealcaniz,41.547670144,2.5162608748,cc-by-nc-sa,"(c) Edu Alcaniz, some rights reserved (CC BY-NC-SA)",263975_353589.jpg
263974,353588,actinopterygii,Serranus cabrilla,https://minka-sdg.org/attachments/local_photos/files/353588/medium.jpeg,ealcaniz,41.547670144,2.5162608748,cc-by-nc-sa,"(c) Edu Alcaniz, some rights reserved (CC BY-NC-SA)",263974_353588.jpg
263973,353587,,,https://minka-sdg.org/attachments/local_photos/files/353587/medium.jpeg,ealcaniz,41.547670144,2.5162608748,cc-by-nc-sa,"(c) Edu Alcaniz, some rights reserved (CC BY-NC-SA)",263973_353587.jpg
263972,353586,crustacea,Palinurus elephas,https://minka-sdg.org/attachments/local_photos/files/353586/medium.jpeg,ealcaniz,41.547670144,2.5162608748,cc-by-nc-sa,"(c) Edu Alcaniz, some rights reserved (CC BY-NC-SA)",263972_353586.jpg
263971,353585,echinodermata,Holothuria forskali,https://minka-sdg.org/attachments/local_photos/files/353585/medium.jpeg,ealcaniz,41.547670144,2.5162608748,cc-by-nc-sa,"(c) Edu Alcaniz, some rights reserved (CC BY-NC-SA)",263971_353585.jpg
263970,353584,crustacea,Palinurus elephas,https://minka-sdg.org/attachments/local_photos/files/353584/medium.jpeg,ealcaniz,41.547670144,2.5162608748,cc-by-nc-sa,"(c) Edu Alcaniz, some rights reserved (CC BY-NC-SA)",263970_353584.jpg
263969,353583,chromista,Dictyota dichotoma,https://minka-sdg.org/attachments/local_photos/files/353583/medium.jpeg,ealcaniz,41.547670144,2.5162608748,cc-by-nc-sa,"(c) Edu Alcaniz, some rights reserved (CC BY-NC-SA)",263969_353583.jpg
263968,353582,chromista,Padina pavonica,https://minka-sdg.org/attachments/local_photos/files/353582/medium.jpeg,ealcaniz,41.547670144,2.5162608748,cc-by-nc-sa,"(c) Edu Alcaniz, some rights reserved (CC BY-NC-SA)",263968_353582.jpg
263967,353581,porifera,Chondrosia reniformis,https://minka-sdg.org/attachments/local_photos/files/353581/medium.jpeg,ealcaniz,41.547670144,2.5162608748,cc-by-nc-sa,"(c) Edu Alcaniz, some rights reserved (CC BY-NC-SA)",263967_353581.jpg
263966,353580,echinodermata,Sphaerechinus granularis,https://minka-sdg.org/attachments/local_photos/files/353580/medium.jpeg,ealcaniz,41.547670144,2.5162608748,cc-by-nc-sa,"(c) Edu Alcaniz, some rights reserved (CC BY-NC-SA)",263966_353580.jpg
263965,353578,cnidaria,Cerianthus membranaceus,https://minka-sdg.org/attachments/local_photos/files/353578/medium.jpeg,ealcaniz,41.547670144,2.5162608748,cc-by-nc-sa,"(c) Edu Alcaniz, some rights reserved (CC BY-NC-SA)",263965_353578.jpg
263964,353577,porifera,Crambe crambe,https://minka-sdg.org/attachments/local_photos/files/353577/medium.jpeg,ealcaniz,41.547670144,2.5162608748,cc-by-nc-sa,"(c) Edu Alcaniz, some rights reserved (CC BY-NC-SA)",263964_353577.jpg
263963,353576,mollusca,Cerithium vulgatum,https://minka-sdg.org/attachments/local_photos/files/353576/medium.jpeg,ealcaniz,41.547670144,2.5162608748,cc-by-nc-sa,"(c) Edu Alcaniz, some rights reserved (CC BY-NC-SA)",263963_353576.jpg
263962,353575,actinopterygii,Scorpaena notata,https://minka-sdg.org/attachments/local_photos/files/353575/medium.jpeg,ealcaniz,41.547670144,2.5162608748,cc-by-nc-sa,"(c) Edu Alcaniz, some rights reserved (CC BY-NC-SA)",263962_353575.jpg
263961,353574,bryozoa,Myriapora truncata,https://minka-sdg.org/attachments/local_photos/files/353574/medium.jpeg,ealcaniz,41.547670144,2.5162608748,cc-by-nc-sa,"(c) Edu Alcaniz, some rights reserved (CC BY-NC-SA)",263961_353574.jpg
263960,353573,echinodermata,Holothuria tubulosa,https://minka-sdg.org/attachments/local_photos/files/353573/medium.jpeg,ealcaniz,41.547670144,2.5162608748,cc-by-nc-sa,"(c) Edu Alcaniz, some rights reserved (CC BY-NC-SA)",263960_353573.jpg
263959,353572,echinodermata,Holothuria forskali,https://minka-sdg.org/attachments/local_photos/files/353572/medium.jpeg,ealcaniz,41.547670144,2.5162608748,cc-by-nc-sa,"(c) Edu Alcaniz, some rights reserved (CC BY-NC-SA)",263959_353572.jpg
263958,353571,mollusca,Cerithium vulgatum,https://minka-sdg.org/attachments/local_photos/files/353571/medium.jpeg,ealcaniz,41.547670144,2.5162608748,cc-by-nc-sa,"(c) Edu Alcaniz, some rights reserved (CC BY-NC-SA)",263958_353571.jpg
263957,353570,actinopterygii,Scorpaena notata,https://minka-sdg.org/attachments/local_photos/files/353570/medium.jpeg,ealcaniz,41.547670144,2.5162608748,cc-by-nc-sa,"(c) Edu Alcaniz, some rights reserved (CC BY-NC-SA)",263957_353570.jpg
263956,353569,platyhelminthes,Prostheceraeus roseus,https://minka-sdg.org/attachments/local_photos/files/353569/medium.jpeg,ealcaniz,41.547670144,2.5162608748,cc-by-nc-sa,"(c) Edu Alcaniz, some rights reserved (CC BY-NC-SA)",263956_353569.jpg
263955,353567,porifera,Ircinia oros,https://minka-sdg.org/attachments/local_photos/files/353567/medium.jpeg,ealcaniz,41.547670144,2.5162608748,cc-by-nc-sa,"(c) Edu Alcaniz, some rights reserved (CC BY-NC-SA)",263955_353567.jpg
263955,353568,porifera,Ircinia oros,https://minka-sdg.org/attachments/local_photos/files/353568/medium.jpeg,ealcaniz,41.547670144,2.5162608748,cc-by-nc-sa,"(c) Edu Alcaniz, some rights reserved (CC BY-NC-SA)",263955_353568.jpg
263954,353566,actinopterygii,Serranus scriba,https://minka-sdg.org/attachments/local_photos/files/353566/medium.jpeg,ealcaniz,41.547670144,2.5162608748,cc-by-nc-sa,"(c) Edu Alcaniz, some rights reserved (CC BY-NC-SA)",263954_353566.jpg
263953,353565,echinodermata,Sphaerechinus granularis,https://minka-sdg.org/attachments/local_photos/files/353565/medium.jpeg,ealcaniz,41.547670144,2.5162608748,cc-by-nc-sa,"(c) Edu Alcaniz, some rights reserved (CC BY-NC-SA)",263953_353565.jpg
263952,353564,platyhelminthes,Prostheceraeus roseus,https://minka-sdg.org/attachments/local_photos/files/353564/medium.jpeg,ealcaniz,41.547670144,2.5162608748,cc-by-nc-sa,"(c) Edu Alcaniz, some rights reserved (CC BY-NC-SA)",263952_353564.jpg
263951,353563,chromista,Dictyota dichotoma,https://minka-sdg.org/attachments/local_photos/files/353563/medium.jpeg,ealcaniz,41.547670144,2.5162608748,cc-by-nc-sa,"(c) Edu Alcaniz, some rights reserved (CC BY-NC-SA)",263951_353563.jpg
263950,353562,porifera,Phorbas tenacior,https://minka-sdg.org/attachments/local_photos/files/353562/medium.jpeg,ealcaniz,41.547670144,2.5162608748,cc-by-nc-sa,"(c) Edu Alcaniz, some rights reserved (CC BY-NC-SA)",263950_353562.jpg
263949,353561,animalia,Halocynthia papillosa,https://minka-sdg.org/attachments/local_photos/files/353561/medium.jpeg,ealcaniz,41.547670144,2.5162608748,cc-by-nc-sa,"(c) Edu Alcaniz, some rights reserved (CC BY-NC-SA)",263949_353561.jpg
263948,353560,porifera,Phorbas tenacior,https://minka-sdg.org/attachments/local_photos/files/353560/medium.jpeg,ealcaniz,41.547670144,2.5162608748,cc-by-nc-sa,"(c) Edu Alcaniz, some rights reserved (CC BY-NC-SA)",263948_353560.jpg
263947,353559,actinopterygii,Conger conger,https://minka-sdg.org/attachments/local_photos/files/353559/medium.jpeg,ealcaniz,41.547670144,2.5162608748,cc-by-nc-sa,"(c) Edu Alcaniz, some rights reserved (CC BY-NC-SA)",263947_353559.jpg
263946,353558,annelida,Protula tubularia,https://minka-sdg.org/attachments/local_photos/files/353558/medium.jpeg,ealcaniz,41.547670144,2.5162608748,cc-by-nc-sa,"(c) Edu Alcaniz, some rights reserved (CC BY-NC-SA)",263946_353558.jpg
263945,353557,actinopterygii,Parablennius rouxi,https://minka-sdg.org/attachments/local_photos/files/353557/medium.jpeg,ealcaniz,41.547670144,2.5162608748,cc-by-nc-sa,"(c) Edu Alcaniz, some rights reserved (CC BY-NC-SA)",263945_353557.jpg
263944,353556,mollusca,Hexaplex trunculus,https://minka-sdg.org/attachments/local_photos/files/353556/medium.jpeg,ealcaniz,41.547670144,2.5162608748,cc-by-nc-sa,"(c) Edu Alcaniz, some rights reserved (CC BY-NC-SA)",263944_353556.jpg
263943,353555,plantae,Halimeda tuna,https://minka-sdg.org/attachments/local_photos/files/353555/medium.jpeg,ealcaniz,41.547670144,2.5162608748,cc-by-nc-sa,"(c) Edu Alcaniz, some rights reserved (CC BY-NC-SA)",263943_353555.jpg
263942,353554,cnidaria,Cladocora caespitosa,https://minka-sdg.org/attachments/local_photos/files/353554/medium.jpeg,ealcaniz,41.547670144,2.5162608748,cc-by-nc-sa,"(c) Edu Alcaniz, some rights reserved (CC BY-NC-SA)",263942_353554.jpg
263941,353553,chromista,Dictyota dichotoma,https://minka-sdg.org/attachments/local_photos/files/353553/medium.jpeg,ealcaniz,41.547670144,2.5162608748,cc-by-nc-sa,"(c) Edu Alcaniz, some rights reserved (CC BY-NC-SA)",263941_353553.jpg
263940,353552,cnidaria,Cladocora caespitosa,https://minka-sdg.org/attachments/local_photos/files/353552/medium.jpeg,ealcaniz,41.547670144,2.5162608748,cc-by-nc-sa,"(c) Edu Alcaniz, some rights reserved (CC BY-NC-SA)",263940_353552.jpg
263939,353551,plantae,Codium bursa,https://minka-sdg.org/attachments/local_photos/files/353551/medium.jpeg,ealcaniz,41.547670144,2.5162608748,cc-by-nc-sa,"(c) Edu Alcaniz, some rights reserved (CC BY-NC-SA)",263939_353551.jpg
263938,353550,actinopterygii,Scorpaena notata,https://minka-sdg.org/attachments/local_photos/files/353550/medium.jpeg,ealcaniz,41.547670144,2.5162608748,cc-by-nc-sa,"(c) Edu Alcaniz, some rights reserved (CC BY-NC-SA)",263938_353550.jpg
263937,353549,echinodermata,Holothuria forskali,https://minka-sdg.org/attachments/local_photos/files/353549/medium.jpeg,ealcaniz,41.547670144,2.5162608748,cc-by-nc-sa,"(c) Edu Alcaniz, some rights reserved (CC BY-NC-SA)",263937_353549.jpg
263936,353548,cnidaria,Eunicella verrucosa,https://minka-sdg.org/attachments/local_photos/files/353548/medium.jpeg,ealcaniz,41.547670144,2.5162608748,cc-by-nc-sa,"(c) Edu Alcaniz, some rights reserved (CC BY-NC-SA)",263936_353548.jpg
263935,353546,echinodermata,Sphaerechinus granularis,https://minka-sdg.org/attachments/local_photos/files/353546/medium.jpeg,ealcaniz,41.547670144,2.5162608748,cc-by-nc-sa,"(c) Edu Alcaniz, some rights reserved (CC BY-NC-SA)",263935_353546.jpg
263934,353545,echinodermata,Holothuria tubulosa,https://minka-sdg.org/attachments/local_photos/files/353545/medium.jpeg,ealcaniz,41.547670144,2.5162608748,cc-by-nc-sa,"(c) Edu Alcaniz, some rights reserved (CC BY-NC-SA)",263934_353545.jpg
263933,353544,cnidaria,Leptogorgia sarmentosa,https://minka-sdg.org/attachments/local_photos/files/353544/medium.jpeg,ealcaniz,41.547670144,2.5162608748,cc-by-nc-sa,"(c) Edu Alcaniz, some rights reserved (CC BY-NC-SA)",263933_353544.jpg
263932,353543,echinodermata,Holothuria tubulosa,https://minka-sdg.org/attachments/local_photos/files/353543/medium.jpeg,ealcaniz,41.547670144,2.5162608748,cc-by-nc-sa,"(c) Edu Alcaniz, some rights reserved (CC BY-NC-SA)",263932_353543.jpg
263931,353542,chromista,Dictyota dichotoma,https://minka-sdg.org/attachments/local_photos/files/353542/medium.jpeg,ealcaniz,41.547670144,2.5162608748,cc-by-nc-sa,"(c) Edu Alcaniz, some rights reserved (CC BY-NC-SA)",263931_353542.jpg
263930,353541,animalia,Halocynthia papillosa,https://minka-sdg.org/attachments/local_photos/files/353541/medium.jpeg,ealcaniz,41.547670144,2.5162608748,cc-by-nc-sa,"(c) Edu Alcaniz, some rights reserved (CC BY-NC-SA)",263930_353541.jpg
263929,353540,porifera,Crambe crambe,https://minka-sdg.org/attachments/local_photos/files/353540/medium.jpeg,ealcaniz,41.547670144,2.5162608748,cc-by-nc-sa,"(c) Edu Alcaniz, some rights reserved (CC BY-NC-SA)",263929_353540.jpg
263928,353539,annelida,Sabella spallanzanii,https://minka-sdg.org/attachments/local_photos/files/353539/medium.jpeg,ealcaniz,41.547670144,2.5162608748,cc-by-nc-sa,"(c) Edu Alcaniz, some rights reserved (CC BY-NC-SA)",263928_353539.jpg
263927,353537,mollusca,Hexaplex trunculus,https://minka-sdg.org/attachments/local_photos/files/353537/medium.jpeg,ealcaniz,41.547670144,2.5162608748,cc-by-nc-sa,"(c) Edu Alcaniz, some rights reserved (CC BY-NC-SA)",263927_353537.jpg
263927,353538,mollusca,Hexaplex trunculus,https://minka-sdg.org/attachments/local_photos/files/353538/medium.jpeg,ealcaniz,41.547670144,2.5162608748,cc-by-nc-sa,"(c) Edu Alcaniz, some rights reserved (CC BY-NC-SA)",263927_353538.jpg
263926,353596,actinopterygii,Diplodus sargus,https://minka-sdg.org/attachments/local_photos/files/353596/medium.jpeg,manelor,42.3824143439,3.1589896171,cc-by,"(c) manelor, some rights reserved (CC BY)",263926_353596.jpg
263925,353594,porifera,Sarcotragus,https://minka-sdg.org/attachments/local_photos/files/353594/medium.jpeg,manelor,42.3825495727,3.1588722163,cc-by,"(c) manelor, some rights reserved (CC BY)",263925_353594.jpg
263925,353595,porifera,Sarcotragus,https://minka-sdg.org/attachments/local_photos/files/353595/medium.jpeg,manelor,42.3825495727,3.1588722163,cc-by,"(c) manelor, some rights reserved (CC BY)",263925_353595.jpg
263924,353593,cnidaria,Pelagia noctiluca,https://minka-sdg.org/attachments/local_photos/files/353593/medium.jpeg,manelor,42.3825453949,3.1587469367,cc-by,"(c) manelor, some rights reserved (CC BY)",263924_353593.jpg
263923,353592,plantae,Corallina officinalis,https://minka-sdg.org/attachments/local_photos/files/353592/medium.jpeg,manelor,42.3827956499,3.158369075,cc-by,"(c) manelor, some rights reserved (CC BY)",263923_353592.jpg
263922,353579,actinopterygii,Symphodus roissali,https://minka-sdg.org/attachments/local_photos/files/353579/medium.jpeg,manelor,42.3823696473,3.1580377696,cc-by,"(c) manelor, some rights reserved (CC BY)",263922_353579.jpg
263921,353547,actinopterygii,Oblada melanura,https://minka-sdg.org/attachments/local_photos/files/353547/medium.jpeg,manelor,42.3831812815,3.1587403356,cc-by,"(c) manelor, some rights reserved (CC BY)",263921_353547.jpg
263920,353536,plantae,Liagora,https://minka-sdg.org/attachments/local_photos/files/353536/medium.jpeg,manelor,42.3828949234,3.158704393,cc-by,"(c) manelor, some rights reserved (CC BY)",263920_353536.jpg
263919,353535,porifera,Sarcotragus,https://minka-sdg.org/attachments/local_photos/files/353535/medium.jpeg,manelor,42.38311729,3.1584179199,cc-by,"(c) manelor, some rights reserved (CC BY)",263919_353535.jpg
263918,353534,plantae,Plocamium cartilagineum,https://minka-sdg.org/attachments/local_photos/files/353534/medium.jpeg,manelor,42.3826216596,3.158585008,cc-by,"(c) manelor, some rights reserved (CC BY)",263918_353534.jpg
263917,353533,annelida,Serpula vermicularis,https://minka-sdg.org/attachments/local_photos/files/353533/medium.jpeg,manelor,42.3826369568,3.1585679419,cc-by,"(c) manelor, some rights reserved (CC BY)",263917_353533.jpg
263916,353532,mollusca,Octopus vulgaris,https://minka-sdg.org/attachments/local_photos/files/353532/medium.jpeg,manelor,42.3829804159,3.1589356063,cc-by,"(c) manelor, some rights reserved (CC BY)",263916_353532.jpg
263915,353531,plantae,Liagora,https://minka-sdg.org/attachments/local_photos/files/353531/medium.jpeg,manelor,42.383032902,3.1585920702,cc-by,"(c) manelor, some rights reserved (CC BY)",263915_353531.jpg
263914,353530,actinopterygii,Tripterygion tripteronotum,https://minka-sdg.org/attachments/local_photos/files/353530/medium.jpeg,alexdot,41.8552215107,3.1431991921,cc-by,"(c) alexdot, some rights reserved (CC BY)",263914_353530.jpg
263782,353289,actinopterygii,Symphodus mediterraneus,https://minka-sdg.org/attachments/local_photos/files/353289/medium.jpeg,eduardmarques,42.3831965746,3.1584803938,cc-by-nc,"(c) eduardmarques, some rights reserved (CC BY-NC)",263782_353289.jpg
263781,353288,actinopterygii,Symphodus roissali,https://minka-sdg.org/attachments/local_photos/files/353288/medium.jpeg,eduardmarques,42.3832417708,3.1588103056,cc-by-nc,"(c) eduardmarques, some rights reserved (CC BY-NC)",263781_353288.jpg
263780,353286,plantae,Wrangelia penicillata,https://minka-sdg.org/attachments/local_photos/files/353286/medium.jpeg,eduardmarques,42.3829628199,3.1585018515,cc-by-nc,"(c) eduardmarques, some rights reserved (CC BY-NC)",263780_353286.jpg
263780,353287,plantae,Wrangelia penicillata,https://minka-sdg.org/attachments/local_photos/files/353287/medium.jpeg,eduardmarques,42.3829628199,3.1585018515,cc-by-nc,"(c) eduardmarques, some rights reserved (CC BY-NC)",263780_353287.jpg
263395,352763,actinopterygii,Sciaena umbra,https://minka-sdg.org/attachments/local_photos/files/352763/medium.jpg,jolumase,41.083254041,1.2385777654,cc-by-nc,"(c) Jos Luis Martin, some rights reserved (CC BY-NC)",263395_352763.jpg
263272,352756,actinopterygii,Actinopterygii,https://minka-sdg.org/attachments/local_photos/files/352756/medium.jpg,iollalle,41.4414318,2.2458834,cc-by,"(c) iollalle, some rights reserved (CC BY)",263272_352756.jpg
263271,352755,mollusca,Mytilidae,https://minka-sdg.org/attachments/local_photos/files/352755/medium.jpg,mire,41.4415070429,2.2462383719,cc-by,"(c) mire, some rights reserved (CC BY)",263271_352755.jpg
263270,352753,plantae,Cladophoraceae,https://minka-sdg.org/attachments/local_photos/files/352753/medium.jpg,pauruizmartinez,41.4423403353,2.2478638217,cc-by,"(c) pauruizmartinez, some rights reserved (CC BY)",263270_352753.jpg
263269,352750,mollusca,Autobranchia,https://minka-sdg.org/attachments/local_photos/files/352750/medium.jpg,mire,41.4415000429,2.2462313719,cc-by,"(c) mire, some rights reserved (CC BY)",263269_352750.jpg
263268,352751,mollusca,Bivalvia,https://minka-sdg.org/attachments/local_photos/files/352751/medium.jpg,madesa,41.4414393,2.2459614,cc-by,"(c) madesa, some rights reserved (CC BY)",263268_352751.jpg
263267,352748,mollusca,Glycymeris,https://minka-sdg.org/attachments/local_photos/files/352748/medium.jpg,lauraaa,41.4413965,2.2458949,cc-by,"(c) lauraaa, some rights reserved (CC BY)",263267_352748.jpg
263266,352745,,Pirimela denticulata,https://minka-sdg.org/attachments/local_photos/files/352745/medium.jpg,darube,41.4412175,2.2466187,cc-by,"(c) darube, some rights reserved (CC BY)",263266_352745.jpg
263265,352744,crustacea,Lepas anatifera,https://minka-sdg.org/attachments/local_photos/files/352744/medium.jpg,lauraaa,41.4413895,2.2458879,cc-by,"(c) lauraaa, some rights reserved (CC BY)",263265_352744.jpg
263264,352742,crustacea,Decapoda,https://minka-sdg.org/attachments/local_photos/files/352742/medium.jpg,pauruizmartinez,41.4422239532,2.2474437032,cc-by,"(c) pauruizmartinez, some rights reserved (CC BY)",263264_352742.jpg
263263,352741,crustacea,Lepas anatifera,https://minka-sdg.org/attachments/local_photos/files/352741/medium.jpg,mire,41.4414930429,2.2462243719,cc-by,"(c) mire, some rights reserved (CC BY)",263263_352741.jpg
263262,352740,,Pirimela denticulata,https://minka-sdg.org/attachments/local_photos/files/352740/medium.jpg,pauruizmartinez,41.4422209532,2.2474407032,cc-by,"(c) pauruizmartinez, some rights reserved (CC BY)",263262_352740.jpg
263261,352736,,Pirimela denticulata,https://minka-sdg.org/attachments/local_photos/files/352736/medium.jpg,lauraaa,41.4413953,2.2458577,cc-by,"(c) lauraaa, some rights reserved (CC BY)",263261_352736.jpg
263260,352734,,Pirimela denticulata,https://minka-sdg.org/attachments/local_photos/files/352734/medium.jpg,mire,41.4414860429,2.2462173719,cc-by,"(c) mire, some rights reserved (CC BY)",263260_352734.jpg
263259,352733,mollusca,Acanthocardia tuberculata,https://minka-sdg.org/attachments/local_photos/files/352733/medium.jpg,mire,41.4414790429,2.2462103719,cc-by,"(c) mire, some rights reserved (CC BY)",263259_352733.jpg
263258,352732,mollusca,Acanthocardia tuberculata,https://minka-sdg.org/attachments/local_photos/files/352732/medium.jpg,lauraaa,41.4413306,2.2467113,cc-by,"(c) lauraaa, some rights reserved (CC BY)",263258_352732.jpg
263257,352731,aves,Ichthyaetus audouinii,https://minka-sdg.org/attachments/local_photos/files/352731/medium.jpg,madesa,41.4413263,2.2460387,cc-by,"(c) madesa, some rights reserved (CC BY)",263257_352731.jpg
263256,352730,,Pirimela denticulata,https://minka-sdg.org/attachments/local_photos/files/352730/medium.jpg,ericgomez,41.4412191406,2.2464999184,cc-by,"(c) Eric Gomez, some rights reserved (CC BY)",263256_352730.jpg
263255,352729,mollusca,Glycymeris glycymeris,https://minka-sdg.org/attachments/local_photos/files/352729/medium.jpg,iollalle,41.4413606,2.2459222,cc-by,"(c) iollalle, some rights reserved (CC BY)",263255_352729.jpg
263254,352728,crustacea,Lepas anatifera,https://minka-sdg.org/attachments/local_photos/files/352728/medium.jpg,darube,41.4413136,2.2459052,cc-by,"(c) darube, some rights reserved (CC BY)",263254_352728.jpg
263253,352727,mollusca,Bivalvia,https://minka-sdg.org/attachments/local_photos/files/352727/medium.jpg,mire,41.4414720429,2.2462033719,cc-by,"(c) mire, some rights reserved (CC BY)",263253_352727.jpg
263252,352726,mollusca,Bivalvia,https://minka-sdg.org/attachments/local_photos/files/352726/medium.jpg,lauraaa,41.4413236,2.2467043,cc-by,"(c) lauraaa, some rights reserved (CC BY)",263252_352726.jpg
263251,352725,mollusca,Autobranchia,https://minka-sdg.org/attachments/local_photos/files/352725/medium.jpg,tony,41.4692111111,2.2752194444,cc-by,"(c) tony, some rights reserved (CC BY)",263251_352725.jpg
263250,352722,mollusca,Autobranchia,https://minka-sdg.org/attachments/local_photos/files/352722/medium.jpg,danieelaa,41.441570431,2.2470724884,cc-by,"(c) danieelaa, some rights reserved (CC BY)",263250_352722.jpg
263249,352718,plantae,Posidonia oceanica,https://minka-sdg.org/attachments/local_photos/files/352718/medium.jpg,mire,41.4414650429,2.2461963719,cc-by,"(c) mire, some rights reserved (CC BY)",263249_352718.jpg
263249,352719,plantae,Posidonia oceanica,https://minka-sdg.org/attachments/local_photos/files/352719/medium.jpg,mire,41.4414650429,2.2461963719,cc-by,"(c) mire, some rights reserved (CC BY)",263249_352719.jpg
263249,352720,plantae,Posidonia oceanica,https://minka-sdg.org/attachments/local_photos/files/352720/medium.jpg,mire,41.4414650429,2.2461963719,cc-by,"(c) mire, some rights reserved (CC BY)",263249_352720.jpg
263249,352723,plantae,Posidonia oceanica,https://minka-sdg.org/attachments/local_photos/files/352723/medium.jpg,mire,41.4414650429,2.2461963719,cc-by,"(c) mire, some rights reserved (CC BY)",263249_352723.jpg
263249,352724,plantae,Posidonia oceanica,https://minka-sdg.org/attachments/local_photos/files/352724/medium.jpg,mire,41.4414650429,2.2461963719,cc-by,"(c) mire, some rights reserved (CC BY)",263249_352724.jpg
263248,352717,plantae,Posidonia oceanica,https://minka-sdg.org/attachments/local_photos/files/352717/medium.jpg,lauraaa,41.4413166,2.2466973,cc-by,"(c) lauraaa, some rights reserved (CC BY)",263248_352717.jpg
263248,352721,plantae,Posidonia oceanica,https://minka-sdg.org/attachments/local_photos/files/352721/medium.jpg,lauraaa,41.4413166,2.2466973,cc-by,"(c) lauraaa, some rights reserved (CC BY)",263248_352721.jpg
263247,352716,actinopterygii,Actinopterygii,https://minka-sdg.org/attachments/local_photos/files/352716/medium.jpg,madesa,41.4412503,2.2455227,cc-by,"(c) madesa, some rights reserved (CC BY)",263247_352716.jpg
263246,352715,actinopterygii,Actinopterygii,https://minka-sdg.org/attachments/local_photos/files/352715/medium.jpg,lauraaa,41.4413096,2.2466903,cc-by,"(c) lauraaa, some rights reserved (CC BY)",263246_352715.jpg
263245,352714,mollusca,Glycymeris,https://minka-sdg.org/attachments/local_photos/files/352714/medium.jpg,darube,41.4411807,2.2467018,cc-by,"(c) darube, some rights reserved (CC BY)",263245_352714.jpg
263244,352712,actinopterygii,Actinopterygii,https://minka-sdg.org/attachments/local_photos/files/352712/medium.jpg,mire,41.4414580429,2.2461893719,cc-by,"(c) mire, some rights reserved (CC BY)",263244_352712.jpg
263243,352711,plantae,Cladophoraceae,https://minka-sdg.org/attachments/local_photos/files/352711/medium.jpg,madesa,41.4412433,2.2455157,cc-by,"(c) madesa, some rights reserved (CC BY)",263243_352711.jpg
263242,352710,crustacea,Decapoda,https://minka-sdg.org/attachments/local_photos/files/352710/medium.jpg,pauruizmartinez,41.4435803877,2.2484612837,cc-by,"(c) pauruizmartinez, some rights reserved (CC BY)",263242_352710.jpg
263241,352709,mollusca,Sepia officinalis,https://minka-sdg.org/attachments/local_photos/files/352709/medium.jpg,lauraaa,41.4413026,2.2466833,cc-by,"(c) lauraaa, some rights reserved (CC BY)",263241_352709.jpg
263240,352707,,Pirimela denticulata,https://minka-sdg.org/attachments/local_photos/files/352707/medium.jpg,danieelaa,41.441563431,2.2470654884,cc-by,"(c) danieelaa, some rights reserved (CC BY)",263240_352707.jpg
263239,352705,mollusca,Sepia officinalis,https://minka-sdg.org/attachments/local_photos/files/352705/medium.jpg,mire,41.4414510429,2.2461823719,cc-by,"(c) mire, some rights reserved (CC BY)",263239_352705.jpg
263238,352702,cnidaria,Velella velella,https://minka-sdg.org/attachments/local_photos/files/352702/medium.jpg,iollalle,41.4412553,2.2459243,cc-by,"(c) iollalle, some rights reserved (CC BY)",263238_352702.jpg
263237,352701,cnidaria,Velella velella,https://minka-sdg.org/attachments/local_photos/files/352701/medium.jpg,iollalle,41.4412523,2.2459213,cc-by,"(c) iollalle, some rights reserved (CC BY)",263237_352701.jpg
263236,352694,cnidaria,Velella velella,https://minka-sdg.org/attachments/local_photos/files/352694/medium.jpg,pauruizmartinez,41.4407671082,2.2455282388,cc-by,"(c) pauruizmartinez, some rights reserved (CC BY)",263236_352694.jpg
263235,352689,mollusca,Glycymeris,https://minka-sdg.org/attachments/local_photos/files/352689/medium.jpg,joanet2011,41.44115,2.2466682,cc-by,"(c) joanet2011, some rights reserved (CC BY)",263235_352689.jpg
263234,352686,crustacea,Decapoda,https://minka-sdg.org/attachments/local_photos/files/352686/medium.jpg,mire,41.4414440429,2.2461753719,cc-by,"(c) mire, some rights reserved (CC BY)",263234_352686.jpg
263233,352692,crustacea,Decapoda,https://minka-sdg.org/attachments/local_photos/files/352692/medium.jpg,lauraaa,41.4412956,2.2466763,cc-by,"(c) lauraaa, some rights reserved (CC BY)",263233_352692.jpg
263232,352680,mollusca,Glycymeris,https://minka-sdg.org/attachments/local_photos/files/352680/medium.jpg,joanet2011,41.44115,2.2466682,cc-by,"(c) joanet2011, some rights reserved (CC BY)",263232_352680.jpg
263231,352670,cnidaria,Velella velella,https://minka-sdg.org/attachments/local_photos/files/352670/medium.jpg,iollalle,41.4412453,2.2459143,cc-by,"(c) iollalle, some rights reserved (CC BY)",263231_352670.jpg
263229,352658,plantae,Posidonia oceanica,https://minka-sdg.org/attachments/local_photos/files/352658/medium.jpg,ainoaa,41.4472870252,2.251450988,cc-by,"(c) ainoaa, some rights reserved (CC BY)",263229_352658.jpg
263228,352655,plantae,Posidonia oceanica,https://minka-sdg.org/attachments/local_photos/files/352655/medium.jpg,joanet2011,41.4410055,2.246738,cc-by,"(c) joanet2011, some rights reserved (CC BY)",263228_352655.jpg
263227,352648,mollusca,Mytilus galloprovincialis,https://minka-sdg.org/attachments/local_photos/files/352648/medium.jpg,iollalle,41.4412383,2.2459073,cc-by,"(c) iollalle, some rights reserved (CC BY)",263227_352648.jpg
263226,352645,crustacea,Acanthonyx lunulatus,https://minka-sdg.org/attachments/local_photos/files/352645/medium.jpg,ainoaa,41.4472800252,2.251443988,cc-by,"(c) ainoaa, some rights reserved (CC BY)",263226_352645.jpg
263225,352642,life,Life,https://minka-sdg.org/attachments/local_photos/files/352642/medium.jpg,janbenedicto,41.4413590939,2.2460777942,cc-by,"(c) janbenedicto, some rights reserved (CC BY)",263225_352642.jpg
263224,352631,plantae,Posidonia oceanica,https://minka-sdg.org/attachments/local_photos/files/352631/medium.jpg,tony,41.4423013791,2.2473474964,cc-by,"(c) tony, some rights reserved (CC BY)",263224_352631.jpg
263224,352633,plantae,Posidonia oceanica,https://minka-sdg.org/attachments/local_photos/files/352633/medium.jpg,tony,41.4423013791,2.2473474964,cc-by,"(c) tony, some rights reserved (CC BY)",263224_352633.jpg
263223,352629,mollusca,Acanthocardia tuberculata,https://minka-sdg.org/attachments/local_photos/files/352629/medium.jpg,pauruizmartinez,41.4407601082,2.2455212388,cc-by,"(c) pauruizmartinez, some rights reserved (CC BY)",263223_352629.jpg
263222,352625,plantae,Posidonia oceanica,https://minka-sdg.org/attachments/local_photos/files/352625/medium.jpg,danieelaa,41.441556431,2.2470584884,cc-by,"(c) danieelaa, some rights reserved (CC BY)",263222_352625.jpg
263221,352624,cnidaria,Velella velella,https://minka-sdg.org/attachments/local_photos/files/352624/medium.jpg,mire,41.4414370429,2.2461683719,cc-by,"(c) mire, some rights reserved (CC BY)",263221_352624.jpg
263220,352622,cnidaria,Velella velella,https://minka-sdg.org/attachments/local_photos/files/352622/medium.jpg,lauraaa,41.4412886,2.2466693,cc-by,"(c) lauraaa, some rights reserved (CC BY)",263220_352622.jpg
263219,352626,crustacea,Lepas anatifera,https://minka-sdg.org/attachments/local_photos/files/352626/medium.jpg,joanet2011,41.4412617,2.2465806,cc-by,"(c) joanet2011, some rights reserved (CC BY)",263219_352626.jpg
263218,352612,plantae,Posidonia oceanica,https://minka-sdg.org/attachments/local_photos/files/352612/medium.jpg,saritaaaa,41.4412420836,2.2464727824,cc-by,"(c) saritaaaa, some rights reserved (CC BY)",263218_352612.jpg
263217,352606,mollusca,Acanthocardia tuberculata,https://minka-sdg.org/attachments/local_photos/files/352606/medium.jpg,janbenedicto,41.4413520939,2.2460707942,cc-by,"(c) janbenedicto, some rights reserved (CC BY)",263217_352606.jpg
263216,352605,plantae,Ellisolandia elongata,https://minka-sdg.org/attachments/local_photos/files/352605/medium.jpg,mire,41.4414300429,2.2461613719,cc-by,"(c) mire, some rights reserved (CC BY)",263216_352605.jpg
263214,352602,plantae,Ellisolandia elongata,https://minka-sdg.org/attachments/local_photos/files/352602/medium.jpg,lauraaa,41.4412816,2.2466623,cc-by,"(c) lauraaa, some rights reserved (CC BY)",263214_352602.jpg
263213,352603,actinopterygii,Actinopterygii,https://minka-sdg.org/attachments/local_photos/files/352603/medium.jpg,ericgomez,41.4414498,2.2458419,cc-by,"(c) Eric Gomez, some rights reserved (CC BY)",263213_352603.jpg
263210,352594,plantae,Ulva rigida,https://minka-sdg.org/attachments/local_photos/files/352594/medium.jpg,mire,41.4414230429,2.2461543719,cc-by,"(c) mire, some rights reserved (CC BY)",263210_352594.jpg
263209,352595,crustacea,Lepas anatifera,https://minka-sdg.org/attachments/local_photos/files/352595/medium.jpg,saritaaaa,41.4412350836,2.2464657824,cc-by,"(c) saritaaaa, some rights reserved (CC BY)",263209_352595.jpg
263209,352596,crustacea,Lepas anatifera,https://minka-sdg.org/attachments/local_photos/files/352596/medium.jpg,saritaaaa,41.4412350836,2.2464657824,cc-by,"(c) saritaaaa, some rights reserved (CC BY)",263209_352596.jpg
263209,352597,crustacea,Lepas anatifera,https://minka-sdg.org/attachments/local_photos/files/352597/medium.jpg,saritaaaa,41.4412350836,2.2464657824,cc-by,"(c) saritaaaa, some rights reserved (CC BY)",263209_352597.jpg
263208,352593,plantae,Ulva rigida,https://minka-sdg.org/attachments/local_photos/files/352593/medium.jpg,lauraaa,41.4413424,2.2460887,cc-by,"(c) lauraaa, some rights reserved (CC BY)",263208_352593.jpg
263207,352592,mollusca,Acanthocardia tuberculata,https://minka-sdg.org/attachments/local_photos/files/352592/medium.jpg,juligmez,41.4420815,2.2471057997,cc-by,"(c) juligmez, some rights reserved (CC BY)",263207_352592.jpg
263206,352591,crustacea,Lepas anatifera,https://minka-sdg.org/attachments/local_photos/files/352591/medium.jpg,miro,41.4419898889,2.2471220278,cc-by,"(c) Marc, some rights reserved (CC BY)",263206_352591.jpg
263205,352589,mollusca,Acanthocardia tuberculata,https://minka-sdg.org/attachments/local_photos/files/352589/medium.jpg,holapoma,41.4419567,2.2461085,cc-by,"(c) holapoma, some rights reserved (CC BY)",263205_352589.jpg
263204,352590,mollusca,Acanthocardia tuberculata,https://minka-sdg.org/attachments/local_photos/files/352590/medium.jpg,juligmez,41.4420815,2.2471057997,cc-by,"(c) juligmez, some rights reserved (CC BY)",263204_352590.jpg
263203,352588,mollusca,Acanthocardia tuberculata,https://minka-sdg.org/attachments/local_photos/files/352588/medium.jpg,miro,41.4421462778,2.2471001111,cc-by,"(c) Marc, some rights reserved (CC BY)",263203_352588.jpg
263202,352587,mollusca,Donax,https://minka-sdg.org/attachments/local_photos/files/352587/medium.jpg,juligmez,41.4424770997,2.2474961,cc-by,"(c) juligmez, some rights reserved (CC BY)",263202_352587.jpg
263201,352586,mollusca,Donax,https://minka-sdg.org/attachments/local_photos/files/352586/medium.jpg,miro,41.4425201389,2.2475070833,cc-by,"(c) Marc, some rights reserved (CC BY)",263201_352586.jpg
263200,352584,,Pirimela denticulata,https://minka-sdg.org/attachments/local_photos/files/352584/medium.jpg,miro,41.4424743611,2.2474329444,cc-by,"(c) Marc, some rights reserved (CC BY)",263200_352584.jpg
263199,352583,,Pirimela denticulata,https://minka-sdg.org/attachments/local_photos/files/352583/medium.jpg,juligmez,41.4424654997,2.2474557,cc-by,"(c) juligmez, some rights reserved (CC BY)",263199_352583.jpg
263198,352585,,Pirimela denticulata,https://minka-sdg.org/attachments/local_photos/files/352585/medium.jpg,holapoma,41.4424567,2.2474473,cc-by,"(c) holapoma, some rights reserved (CC BY)",263198_352585.jpg
263197,352582,plantae,Posidonia oceanica,https://minka-sdg.org/attachments/local_photos/files/352582/medium.jpg,alexiaaa,41.4424669,2.2479207,cc-by,"(c) alexiaaa, some rights reserved (CC BY)",263197_352582.jpg
263196,352581,crustacea,Lepas anatifera,https://minka-sdg.org/attachments/local_photos/files/352581/medium.jpg,alexiaaa,41.4414719,2.2461661,cc-by,"(c) alexiaaa, some rights reserved (CC BY)",263196_352581.jpg
263195,352580,,Pirimela denticulata,https://minka-sdg.org/attachments/local_photos/files/352580/medium.jpg,alexiaaa,41.4420733,2.2473917,cc-by,"(c) alexiaaa, some rights reserved (CC BY)",263195_352580.jpg
263194,352579,plantae,Posidonia oceanica,https://minka-sdg.org/attachments/local_photos/files/352579/medium.jpg,alexiaaa,41.441803,2.2468373,cc-by,"(c) alexiaaa, some rights reserved (CC BY)",263194_352579.jpg
263193,352578,plantae,Posidonia oceanica,https://minka-sdg.org/attachments/local_photos/files/352578/medium.jpg,alexiaaa,41.4416236,2.24624,cc-by,"(c) alexiaaa, some rights reserved (CC BY)",263193_352578.jpg
263191,352577,plantae,Posidonia oceanica,https://minka-sdg.org/attachments/local_photos/files/352577/medium.jpg,holapoma,41.441652,2.2461384,cc-by,"(c) holapoma, some rights reserved (CC BY)",263191_352577.jpg
263190,352576,plantae,Posidonia oceanica,https://minka-sdg.org/attachments/local_photos/files/352576/medium.jpg,holapoma,41.441652,2.2461384,cc-by,"(c) holapoma, some rights reserved (CC BY)",263190_352576.jpg
263189,352575,crustacea,Lepas pectinata,https://minka-sdg.org/attachments/local_photos/files/352575/medium.jpg,alexiaaa,41.4418303,2.2460609,cc-by,"(c) alexiaaa, some rights reserved (CC BY)",263189_352575.jpg
263186,352572,actinopterygii,Actinopterygii,https://minka-sdg.org/attachments/local_photos/files/352572/medium.jpg,juligmez,41.4419041,2.2469678,cc-by,"(c) juligmez, some rights reserved (CC BY)",263186_352572.jpg
263185,352571,mollusca,Mytilus galloprovincialis,https://minka-sdg.org/attachments/local_photos/files/352571/medium.jpg,alexiaaa,41.4415559,2.2461268,cc-by,"(c) alexiaaa, some rights reserved (CC BY)",263185_352571.jpg
263184,352569,plantae,Cladophoraceae,https://minka-sdg.org/attachments/local_photos/files/352569/medium.jpg,juligmez,41.4416799997,2.2470287997,cc-by,"(c) juligmez, some rights reserved (CC BY)",263184_352569.jpg
263184,352570,plantae,Cladophoraceae,https://minka-sdg.org/attachments/local_photos/files/352570/medium.jpg,juligmez,41.4416799997,2.2470287997,cc-by,"(c) juligmez, some rights reserved (CC BY)",263184_352570.jpg
263183,352568,crustacea,Acanthonyx lunulatus,https://minka-sdg.org/attachments/local_photos/files/352568/medium.jpg,saritaaaa,41.4423967753,2.2463112963,cc-by,"(c) saritaaaa, some rights reserved (CC BY)",263183_352568.jpg
263182,352567,crustacea,Acanthonyx lunulatus,https://minka-sdg.org/attachments/local_photos/files/352567/medium.jpg,alexiaaa,41.4415566,2.2460474,cc-by,"(c) alexiaaa, some rights reserved (CC BY)",263182_352567.jpg
263181,352565,plantae,Ulva,https://minka-sdg.org/attachments/local_photos/files/352565/medium.jpg,juligmez,41.441552,2.2468694997,cc-by,"(c) juligmez, some rights reserved (CC BY)",263181_352565.jpg
263181,352566,plantae,Ulva,https://minka-sdg.org/attachments/local_photos/files/352566/medium.jpg,juligmez,41.441552,2.2468694997,cc-by,"(c) juligmez, some rights reserved (CC BY)",263181_352566.jpg
263180,352564,plantae,Plantae,https://minka-sdg.org/attachments/local_photos/files/352564/medium.jpg,alexiaaa,41.4417086,2.2461882,cc-by,"(c) alexiaaa, some rights reserved (CC BY)",263180_352564.jpg
263179,352562,plantae,Ulva,https://minka-sdg.org/attachments/local_photos/files/352562/medium.jpg,juligmez,41.441552,2.2468694997,cc-by,"(c) juligmez, some rights reserved (CC BY)",263179_352562.jpg
263179,352563,plantae,Ulva,https://minka-sdg.org/attachments/local_photos/files/352563/medium.jpg,juligmez,41.441552,2.2468694997,cc-by,"(c) juligmez, some rights reserved (CC BY)",263179_352563.jpg
263178,352561,life,Life,https://minka-sdg.org/attachments/local_photos/files/352561/medium.jpg,saritaaaa,41.4414758366,2.2469109135,cc-by,"(c) saritaaaa, some rights reserved (CC BY)",263178_352561.jpg
263177,352560,plantae,Ulva,https://minka-sdg.org/attachments/local_photos/files/352560/medium.jpg,alexiaaa,41.4414944,2.2460043,cc-by,"(c) alexiaaa, some rights reserved (CC BY)",263177_352560.jpg
263176,352559,plantae,Ulva,https://minka-sdg.org/attachments/local_photos/files/352559/medium.jpg,saritaaaa,41.4413840942,2.2460619721,cc-by,"(c) saritaaaa, some rights reserved (CC BY)",263176_352559.jpg
263175,352557,cnidaria,Velella velella,https://minka-sdg.org/attachments/local_photos/files/352557/medium.jpg,alexiaaa,41.4415743,2.2460127,cc-by,"(c) alexiaaa, some rights reserved (CC BY)",263175_352557.jpg
263174,352556,cnidaria,Velella velella,https://minka-sdg.org/attachments/local_photos/files/352556/medium.jpg,juligmez,41.441398,2.246875,cc-by,"(c) juligmez, some rights reserved (CC BY)",263174_352556.jpg
263174,352558,cnidaria,Velella velella,https://minka-sdg.org/attachments/local_photos/files/352558/medium.jpg,juligmez,41.441398,2.246875,cc-by,"(c) juligmez, some rights reserved (CC BY)",263174_352558.jpg
263173,352555,plantae,Poaceae,https://minka-sdg.org/attachments/local_photos/files/352555/medium.jpg,ainoaa,41.4412653051,2.2459143421,cc-by,"(c) ainoaa, some rights reserved (CC BY)",263173_352555.jpg
263172,352554,cnidaria,Velella velella,https://minka-sdg.org/attachments/local_photos/files/352554/medium.jpg,saritaaaa,41.4412134349,2.2458872537,cc-by,"(c) saritaaaa, some rights reserved (CC BY)",263172_352554.jpg
