id,created_at,updated_at,observed_on,observed_on_time,iconic_taxon,taxon_id,taxon_rank,taxon_name,latitude,longitude,obscured,place_name,quality_grade,user_id,user_login,license_obs,identifications_count,identifiers,num_identification_agreements,num_identification_disagreements,device,kingdom,phylum,class,order,family,genus
451622,2025-05-07,2025-05-07,2025-05-07,07:27:00,crustacea,240381,species,Pachygrapsus marmoratus,41.4101768602,2.2274339579,False,"El Besòs i el Maresme, Sant Martí, Barcelona, Espanya",research,16578,danimartin,cc-by,1,"danimartin, xasalva",1,0,web,Animalia,Arthropoda,Malacostraca,Decapoda,Grapsidae,Pachygrapsus
451621,2025-05-07,2025-05-07,2025-05-07,07:21:00,plantae,246914,species,Asparagopsis taxiformis,41.4101768602,2.2274339579,False,"El Besòs i el Maresme, Sant Martí, Barcelona, Espanya",research,16578,danimartin,cc-by,1,"danimartin, xasalva",1,0,web,Plantae,Rhodophyta,Florideophyceae,Bonnemaisoniales,Bonnemaisoniaceae,Asparagopsis
451616,2025-05-07,2025-05-07,2025-05-06,09:02:00,plantae,38933,genus,Cuscuta,41.2641056834,1.9457338798,False,"Castelldefels, Barcelona, España",research,1239,amb_platges,cc-by,1,"amb_platges, xasalva",1,0,web,Plantae,Tracheophyta,Magnoliopsida,Solanales,Cuscutaceae,
451615,2025-05-07,2025-05-07,2025-05-06,10:36:00,aves,250490,species,Charadrius alexandrinus,41.2778166667,2.0773277778,False,"Barcelona, España",research,1239,amb_platges,cc-by,1,"amb_platges, xasalva",1,0,web,Animalia,Chordata,Aves,Ciconiiformes,Charadriidae,Charadrius
451603,2025-05-06,2025-05-06,2025-05-06,14:05:00,actinopterygii,35194,species,Thalassoma pavo,41.547670144,2.5162608748,False,Posidonia Dive,research,219,ealcaniz,cc-by-nc-sa,1,"ealcaniz, badosa",1,0,web,Animalia,Chordata,Teleostei,Perciformes,Labridae,Thalassoma
451602,2025-05-06,2025-05-06,2025-05-06,14:05:00,actinopterygii,34835,species,Coris julis,41.547670144,2.5162608748,False,Posidonia Dive,research,219,ealcaniz,cc-by-nc-sa,1,"ealcaniz, badosa",1,0,web,Animalia,Chordata,Teleostei,Perciformes,Labridae,Coris
451601,2025-05-06,2025-05-06,2025-05-06,14:16:00,echinodermata,250594,species,Sphaerechinus granularis,41.547670144,2.5162608748,False,Posidonia Dive,research,219,ealcaniz,cc-by-nc-sa,1,"ealcaniz, badosa",1,0,web,Animalia,Echinodermata,Echinoidea,Camarodonta,Toxopneustidae,Sphaerechinus
451600,2025-05-06,2025-05-06,2025-05-06,14:27:00,actinopterygii,34871,species,Tripterygion delaisi,41.547670144,2.5162608748,False,Posidonia Dive,research,219,ealcaniz,cc-by-nc-sa,1,"ealcaniz, badosa",1,0,web,Animalia,Chordata,Teleostei,Perciformes,Tripterygiidae,Tripterygion
451599,2025-05-06,2025-05-06,2025-05-06,14:26:00,actinopterygii,34796,species,Scorpaena notata,41.547670144,2.5162608748,False,Posidonia Dive,research,219,ealcaniz,cc-by-nc-sa,1,"ealcaniz, badosa",1,0,web,Animalia,Chordata,Teleostei,Scorpaeniformes,Scorpaenidae,Scorpaena
451598,2025-05-06,2025-05-06,2025-05-06,14:25:00,echinodermata,251866,species,Holothuria forskali,41.547670144,2.5162608748,False,Posidonia Dive,research,219,ealcaniz,cc-by-nc-sa,1,"ealcaniz, xasalva",1,0,web,Animalia,Echinodermata,Holothuroidea,Holothuriida,Holothuriidae,Holothuria
451597,2025-05-06,2025-05-06,2025-05-06,14:25:00,porifera,250915,species,Chondrosia reniformis,41.547670144,2.5162608748,False,Posidonia Dive,research,219,ealcaniz,cc-by-nc-sa,1,"ealcaniz, badosa",1,0,web,Animalia,Porifera,Demospongiae,Chondrosida,Chondrillidae,Chondrosia
451596,2025-05-06,2025-05-06,2025-05-06,14:24:00,cnidaria,35166,species,Cladocora caespitosa,41.547670144,2.5162608748,False,Posidonia Dive,research,219,ealcaniz,cc-by-nc-sa,1,"ealcaniz, badosa",1,0,web,Animalia,Cnidaria,Anthozoa,Scleractinia,Caryophylliidae,Cladocora
451595,2025-05-06,2025-05-06,2025-05-06,14:23:00,porifera,251805,species,Clathrina clathrus,41.547670144,2.5162608748,False,Posidonia Dive,research,219,ealcaniz,cc-by-nc-sa,1,"ealcaniz, xasalva",1,0,web,Animalia,Porifera,Calcarea,Clathrinida,Clathrinidae,Clathrina
451594,2025-05-06,2025-05-06,2025-05-06,14:22:00,cnidaria,242443,species,Cribrinopsis crassa,41.547670144,2.5162608748,False,Posidonia Dive,research,219,ealcaniz,cc-by-nc-sa,1,"ealcaniz, badosa",1,0,web,Animalia,Cnidaria,Anthozoa,Actiniaria,Actiniidae,Cribrinopsis
451593,2025-05-06,2025-05-06,2025-05-06,14:21:00,echinodermata,35260,species,Echinaster sepositus,41.547670144,2.5162608748,False,Posidonia Dive,research,219,ealcaniz,cc-by-nc-sa,1,"ealcaniz, badosa",1,0,web,Animalia,Echinodermata,Asteroidea,Spinulosida,Echinasteridae,Echinaster
451592,2025-05-06,2025-05-06,2025-05-06,14:19:00,cnidaria,250194,species,Cerianthus membranaceus,41.547670144,2.5162608748,False,Posidonia Dive,research,219,ealcaniz,cc-by-nc-sa,1,"ealcaniz, xasalva",1,0,web,Animalia,Cnidaria,Anthozoa,Ceriantharia,Cerianthidae,Cerianthus
451591,2025-05-06,2025-05-06,2025-05-06,14:18:00,cnidaria,35248,species,Leptogorgia sarmentosa,41.547670144,2.5162608748,False,Posidonia Dive,research,219,ealcaniz,cc-by-nc-sa,1,"ealcaniz, badosa",1,0,web,Animalia,Cnidaria,Anthozoa,Alcyonacea,Gorgoniidae,Leptogorgia
451590,2025-05-06,2025-05-06,2025-05-06,14:18:00,cnidaria,35166,species,Cladocora caespitosa,41.547670144,2.5162608748,False,Posidonia Dive,research,219,ealcaniz,cc-by-nc-sa,1,"ealcaniz, badosa",1,0,web,Animalia,Cnidaria,Anthozoa,Scleractinia,Caryophylliidae,Cladocora
451589,2025-05-06,2025-05-06,2025-05-06,14:17:00,cnidaria,35252,species,Eunicella gazella,41.547670144,2.5162608748,False,Posidonia Dive,research,219,ealcaniz,cc-by-nc-sa,1,"ealcaniz, badosa",1,0,web,Animalia,Cnidaria,Anthozoa,Alcyonacea,Gorgoniidae,Eunicella
451588,2025-05-06,2025-05-06,2025-05-06,14:17:00,annelida,244097,species,Protula tubularia,41.547670144,2.5162608748,False,Posidonia Dive,research,219,ealcaniz,cc-by-nc-sa,1,"ealcaniz, xasalva",1,0,web,Animalia,Annelida,Polychaeta,Sabellida,Serpulidae,Protula
451587,2025-05-06,2025-05-06,2025-05-06,14:16:00,cnidaria,35252,species,Eunicella gazella,41.547670144,2.5162608748,False,Posidonia Dive,research,219,ealcaniz,cc-by-nc-sa,1,"ealcaniz, xasalva",1,0,web,Animalia,Cnidaria,Anthozoa,Alcyonacea,Gorgoniidae,Eunicella
451586,2025-05-06,2025-05-06,2025-05-06,14:16:00,plantae,256615,species,Lithophyllum stictiforme,41.547670144,2.5162608748,False,Posidonia Dive,research,219,ealcaniz,cc-by-nc-sa,1,"ealcaniz, xasalva, ealcaniz",1,0,web,Plantae,Rhodophyta,Florideophyceae,Corallinales,Lithophyllaceae,Lithophyllum
451585,2025-05-06,2025-05-06,2025-05-06,14:16:00,porifera,252576,species,Oscarella lobularis,41.547670144,2.5162608748,False,Posidonia Dive,research,219,ealcaniz,cc-by-nc-sa,1,"xasalva, ealcaniz",1,0,web,Animalia,Porifera,Homoscleromorpha,Homosclerophorida,Oscarellidae,Oscarella
451584,2025-05-06,2025-05-06,2025-05-06,14:15:00,cnidaria,35166,species,Cladocora caespitosa,41.547670144,2.5162608748,False,Posidonia Dive,research,219,ealcaniz,cc-by-nc-sa,1,"ealcaniz, badosa",1,0,web,Animalia,Cnidaria,Anthozoa,Scleractinia,Caryophylliidae,Cladocora
451583,2025-05-06,2025-05-06,2025-05-06,14:14:00,actinopterygii,35027,species,Gobius cruentatus,41.547670144,2.5162608748,False,Posidonia Dive,research,219,ealcaniz,cc-by-nc-sa,1,"ealcaniz, badosa",1,0,web,Animalia,Chordata,Teleostei,Gobiiformes,Gobiidae,Gobius
451582,2025-05-06,2025-05-06,2025-05-06,14:14:00,actinopterygii,35027,species,Gobius cruentatus,41.547670144,2.5162608748,False,Posidonia Dive,research,219,ealcaniz,cc-by-nc-sa,1,"ealcaniz, badosa",1,0,web,Animalia,Chordata,Teleostei,Gobiiformes,Gobiidae,Gobius
451581,2025-05-06,2025-05-06,2025-05-06,14:14:00,actinopterygii,35027,species,Gobius cruentatus,41.547670144,2.5162608748,False,Posidonia Dive,research,219,ealcaniz,cc-by-nc-sa,1,"ealcaniz, xasalva",1,0,web,Animalia,Chordata,Teleostei,Gobiiformes,Gobiidae,Gobius
451580,2025-05-06,2025-05-06,2025-05-06,14:13:00,actinopterygii,34796,species,Scorpaena notata,41.547670144,2.5162608748,False,Posidonia Dive,research,219,ealcaniz,cc-by-nc-sa,1,"ealcaniz, badosa",1,0,web,Animalia,Chordata,Teleostei,Scorpaeniformes,Scorpaenidae,Scorpaena
451579,2025-05-06,2025-05-06,2025-05-06,14:12:00,cnidaria,35252,species,Eunicella gazella,41.547670144,2.5162608748,False,Posidonia Dive,research,219,ealcaniz,cc-by-nc-sa,1,"ealcaniz, badosa",1,0,web,Animalia,Cnidaria,Anthozoa,Alcyonacea,Gorgoniidae,Eunicella
451578,2025-05-06,2025-05-06,2025-05-06,14:12:00,echinodermata,251875,species,Holothuria tubulosa,41.547670144,2.5162608748,False,Posidonia Dive,research,219,ealcaniz,cc-by-nc-sa,1,"ealcaniz, xasalva",1,0,web,Animalia,Echinodermata,Holothuroidea,Holothuriida,Holothuriidae,Holothuria
451577,2025-05-06,2025-05-06,2025-05-06,14:12:00,bryozoa,252951,species,Pentapora fascialis,41.547670144,2.5162608748,False,Posidonia Dive,research,219,ealcaniz,cc-by-nc-sa,1,"ealcaniz, badosa",1,0,web,Animalia,Bryozoa,Gymnolaemata,Cheilostomatida,Bitectiporidae,Pentapora
451576,2025-05-06,2025-05-06,2025-05-06,14:11:00,mollusca,34917,species,Peltodoris atromaculata,41.547670144,2.5162608748,False,Posidonia Dive,research,219,ealcaniz,cc-by-nc-sa,1,"ealcaniz, badosa",1,0,web,Animalia,Mollusca,Gastropoda,Nudibranchia,Discodorididae,Peltodoris
451575,2025-05-06,2025-05-06,2025-05-06,14:10:00,plantae,12569,genus,Peyssonnelia,41.547670144,2.5162608748,False,Posidonia Dive,research,219,ealcaniz,cc-by-nc-sa,1,"ealcaniz, xasalva",1,0,web,Plantae,Rhodophyta,Florideophyceae,Gigartinales,Peyssonneliaceae,
451574,2025-05-06,2025-05-06,2025-05-06,14:09:00,actinopterygii,14022,species,Muraena helena,41.547670144,2.5162608748,False,Posidonia Dive,research,219,ealcaniz,cc-by-nc-sa,1,"ealcaniz, badosa",1,0,web,Animalia,Chordata,Teleostei,Anguilliformes,Muraenidae,Muraena
451573,2025-05-06,2025-05-06,2025-05-06,14:09:00,porifera,250847,species,Tethya citrina,41.547670144,2.5162608748,False,Posidonia Dive,research,219,ealcaniz,cc-by-nc-sa,1,"xasalva, ealcaniz",1,0,web,Animalia,Porifera,Demospongiae,Hadromerida,Tethyidae,Tethya
451572,2025-05-06,2025-05-06,2025-05-06,14:06:00,actinopterygii,35213,species,Diplodus puntazzo,41.547670144,2.5162608748,False,Posidonia Dive,research,219,ealcaniz,cc-by-nc-sa,1,"ealcaniz, badosa",1,0,web,Animalia,Chordata,Teleostei,Perciformes,Sparidae,Diplodus
451571,2025-05-06,2025-05-06,2025-05-06,14:06:00,plantae,252189,species,Codium bursa,41.547670144,2.5162608748,False,Posidonia Dive,research,219,ealcaniz,cc-by-nc-sa,1,"ealcaniz, badosa",1,0,web,Plantae,Chlorophyta,Bryopsidophyceae,Bryopsidales,Codiaceae,Codium
451570,2025-05-06,2025-05-06,2025-05-06,14:05:00,actinopterygii,35216,species,Symphodus tinca,41.547670144,2.5162608748,False,Posidonia Dive,research,219,ealcaniz,cc-by-nc-sa,1,"ealcaniz, badosa",1,0,web,Animalia,Chordata,Teleostei,Perciformes,Labridae,Symphodus
451569,2025-05-06,2025-05-06,2025-05-06,14:04:00,,35063,species,Dictyota dichotoma,41.547670144,2.5162608748,False,Posidonia Dive,research,219,ealcaniz,cc-by-nc-sa,1,"ealcaniz, xasalva",1,0,web,Chromista,Ochrophyta,Phaeophyceae,Dictyotales,Dictyotaceae,Dictyota
451568,2025-05-06,2025-05-07,2025-05-06,14:04:00,porifera,241853,species,Acanthella acuta,41.547670144,2.5162608748,False,Posidonia Dive,research,219,ealcaniz,cc-by-nc-sa,1,"ealcaniz, xasalva, xasalva, ealcaniz",1,0,web,Animalia,Porifera,Demospongiae,Halichondrida,Dictyonellidae,Acanthella
451567,2025-05-06,2025-05-06,2025-05-06,14:03:00,cnidaria,35252,species,Eunicella gazella,41.547670144,2.5162608748,False,Posidonia Dive,research,219,ealcaniz,cc-by-nc-sa,1,"ealcaniz, badosa",1,0,web,Animalia,Cnidaria,Anthozoa,Alcyonacea,Gorgoniidae,Eunicella
451566,2025-05-06,2025-05-06,2025-05-06,14:02:00,platyhelminthes,35020,species,Prostheceraeus moseleyi,41.547670144,2.5162608748,False,Posidonia Dive,research,219,ealcaniz,cc-by-nc-sa,1,"ealcaniz, badosa",1,0,web,Animalia,Platyhelminthes,,,,Prostheceraeus
451565,2025-05-06,2025-05-06,2025-05-06,14:02:00,annelida,244097,species,Protula tubularia,41.547670144,2.5162608748,False,Posidonia Dive,research,219,ealcaniz,cc-by-nc-sa,1,"ealcaniz, badosa",1,0,web,Animalia,Annelida,Polychaeta,Sabellida,Serpulidae,Protula
451564,2025-05-06,2025-05-06,2025-05-06,14:02:00,porifera,250915,species,Chondrosia reniformis,41.547670144,2.5162608748,False,Posidonia Dive,research,219,ealcaniz,cc-by-nc-sa,1,"ealcaniz, badosa",1,0,web,Animalia,Porifera,Demospongiae,Chondrosida,Chondrillidae,Chondrosia
451563,2025-05-06,2025-05-06,2025-05-06,14:00:00,actinopterygii,240398,species,Symphodus mediterraneus,41.547670144,2.5162608748,False,Posidonia Dive,research,219,ealcaniz,cc-by-nc-sa,1,"ealcaniz, badosa",1,0,web,Animalia,Chordata,Teleostei,Perciformes,Labridae,Symphodus
451562,2025-05-06,2025-05-06,2025-05-06,13:57:00,cnidaria,35047,species,Aiptasia mutabilis,41.547670144,2.5162608748,False,Posidonia Dive,research,219,ealcaniz,cc-by-nc-sa,1,"ealcaniz, badosa",1,0,web,Animalia,Cnidaria,Anthozoa,Actiniaria,Aiptasiidae,Aiptasia
451560,2025-05-06,2025-05-06,2025-05-06,13:54:00,porifera,253021,species,Petrosia ficiformis,41.547670144,2.5162608748,False,Posidonia Dive,research,219,ealcaniz,cc-by-nc-sa,1,"ealcaniz, badosa",1,0,web,Animalia,Porifera,Demospongiae,Haplosclerida,Petrosiidae,Petrosia
451559,2025-05-06,2025-05-06,2025-05-06,13:54:00,annelida,35119,species,Bonellia viridis,41.547670144,2.5162608748,False,Posidonia Dive,research,219,ealcaniz,cc-by-nc-sa,1,"ealcaniz, xasalva",1,0,web,Animalia,Annelida,Polychaeta,,Bonelliidae,Bonellia
451558,2025-05-06,2025-05-06,2025-05-06,13:53:00,cnidaria,35252,species,Eunicella gazella,41.547670144,2.5162608748,False,Posidonia Dive,research,219,ealcaniz,cc-by-nc-sa,1,"ealcaniz, xasalva",1,0,web,Animalia,Cnidaria,Anthozoa,Alcyonacea,Gorgoniidae,Eunicella
451557,2025-05-06,2025-05-06,2025-05-06,13:53:00,echinodermata,35112,species,Holothuria mammata,41.547670144,2.5162608748,False,Posidonia Dive,research,219,ealcaniz,cc-by-nc-sa,1,"ealcaniz, xasalva, xasalva, ealcaniz",1,0,web,Animalia,Echinodermata,Holothuroidea,Holothuriida,Holothuriidae,Holothuria
451556,2025-05-06,2025-05-06,2025-05-06,13:53:00,echinodermata,251875,species,Holothuria tubulosa,41.547670144,2.5162608748,False,Posidonia Dive,research,219,ealcaniz,cc-by-nc-sa,1,"ealcaniz, xasalva",1,0,web,Animalia,Echinodermata,Holothuroidea,Holothuriida,Holothuriidae,Holothuria
451554,2025-05-06,2025-05-06,2025-05-06,13:52:00,bryozoa,252951,species,Pentapora fascialis,41.547670144,2.5162608748,False,Posidonia Dive,research,219,ealcaniz,cc-by-nc-sa,1,"ealcaniz, xasalva",1,0,web,Animalia,Bryozoa,Gymnolaemata,Cheilostomatida,Bitectiporidae,Pentapora
451553,2025-05-06,2025-05-06,2025-05-06,13:52:00,cnidaria,35166,species,Cladocora caespitosa,41.547670144,2.5162608748,False,Posidonia Dive,research,219,ealcaniz,cc-by-nc-sa,1,"ealcaniz, xasalva",1,0,web,Animalia,Cnidaria,Anthozoa,Scleractinia,Caryophylliidae,Cladocora
451552,2025-05-06,2025-05-06,2025-05-06,13:50:00,cnidaria,35166,species,Cladocora caespitosa,41.547670144,2.5162608748,False,Posidonia Dive,research,219,ealcaniz,cc-by-nc-sa,1,"ealcaniz, xasalva",1,0,web,Animalia,Cnidaria,Anthozoa,Scleractinia,Caryophylliidae,Cladocora
451551,2025-05-06,2025-05-06,2025-05-06,13:50:00,mollusca,35092,species,Haliotis tuberculata,41.547670144,2.5162608748,False,Posidonia Dive,research,219,ealcaniz,cc-by-nc-sa,1,"xasalva, ealcaniz",1,0,web,Animalia,Mollusca,Gastropoda,Lepetellida,Haliotidae,Haliotis
451550,2025-05-06,2025-05-06,2025-05-06,13:50:00,echinodermata,251866,species,Holothuria forskali,41.547670144,2.5162608748,False,Posidonia Dive,research,219,ealcaniz,cc-by-nc-sa,1,"ealcaniz, xasalva",1,0,web,Animalia,Echinodermata,Holothuroidea,Holothuriida,Holothuriidae,Holothuria
451549,2025-05-06,2025-05-06,2025-05-06,13:49:00,echinodermata,240406,species,Arbacia lixula,41.547670144,2.5162608748,False,Posidonia Dive,research,219,ealcaniz,cc-by-nc-sa,1,"ealcaniz, xasalva",1,0,web,Animalia,Echinodermata,Echinoidea,Arbacioida,Arbaciidae,Arbacia
451548,2025-05-06,2025-05-06,2025-05-06,13:49:00,actinopterygii,14022,species,Muraena helena,41.547670144,2.5162608748,False,Posidonia Dive,research,219,ealcaniz,cc-by-nc-sa,1,"ealcaniz, xasalva",1,0,web,Animalia,Chordata,Teleostei,Anguilliformes,Muraenidae,Muraena
451547,2025-05-06,2025-05-06,2025-05-06,13:48:00,platyhelminthes,35020,species,Prostheceraeus moseleyi,41.547670144,2.5162608748,False,Posidonia Dive,research,219,ealcaniz,cc-by-nc-sa,1,"ealcaniz, xasalva",1,0,web,Animalia,Platyhelminthes,,,,Prostheceraeus
451546,2025-05-06,2025-05-06,2025-05-06,13:49:00,echinodermata,251866,species,Holothuria forskali,41.547670144,2.5162608748,False,Posidonia Dive,research,219,ealcaniz,cc-by-nc-sa,1,"ealcaniz, xasalva",1,0,web,Animalia,Echinodermata,Holothuroidea,Holothuriida,Holothuriidae,Holothuria
451545,2025-05-06,2025-05-06,2025-05-06,13:48:00,actinopterygii,248737,species,Scorpaena maderensis,41.547670144,2.5162608748,False,Posidonia Dive,research,219,ealcaniz,cc-by-nc-sa,1,"ealcaniz, xasalva, ealcaniz",1,0,web,Animalia,Chordata,Teleostei,Scorpaeniformes,Scorpaenidae,Scorpaena
451544,2025-05-06,2025-05-06,2025-05-06,13:47:00,mollusca,34875,species,Hexaplex trunculus,41.547670144,2.5162608748,False,Posidonia Dive,research,219,ealcaniz,cc-by-nc-sa,1,"ealcaniz, xasalva",1,0,web,Animalia,Mollusca,Gastropoda,Neogastropoda,Muricidae,Hexaplex
451543,2025-05-06,2025-05-06,2025-05-06,13:47:00,platyhelminthes,35020,species,Prostheceraeus moseleyi,41.547670144,2.5162608748,False,Posidonia Dive,research,219,ealcaniz,cc-by-nc-sa,1,"ealcaniz, xasalva",1,0,web,Animalia,Platyhelminthes,,,,Prostheceraeus
451542,2025-05-06,2025-05-06,2025-05-06,13:46:00,platyhelminthes,244061,species,Prostheceraeus roseus,41.547670144,2.5162608748,False,Posidonia Dive,research,219,ealcaniz,cc-by-nc-sa,1,"ealcaniz, xasalva",1,0,web,Animalia,Platyhelminthes,,,,Prostheceraeus
451541,2025-05-06,2025-05-06,2025-05-06,13:45:00,actinopterygii,34835,species,Coris julis,41.547670144,2.5162608748,False,Posidonia Dive,research,219,ealcaniz,cc-by-nc-sa,1,"ealcaniz, xasalva",1,0,web,Animalia,Chordata,Teleostei,Perciformes,Labridae,Coris
451540,2025-05-06,2025-05-06,2025-05-06,13:45:00,annelida,244097,species,Protula tubularia,41.547670144,2.5162608748,False,Posidonia Dive,research,219,ealcaniz,cc-by-nc-sa,1,"ealcaniz, xasalva",1,0,web,Animalia,Annelida,Polychaeta,Sabellida,Serpulidae,Protula
451539,2025-05-06,2025-05-06,2025-05-06,13:45:00,actinopterygii,240397,species,Symphodus ocellatus,41.547670144,2.5162608748,False,Posidonia Dive,research,219,ealcaniz,cc-by-nc-sa,1,"ealcaniz, xasalva",1,0,web,Animalia,Chordata,Teleostei,Perciformes,Labridae,Symphodus
451538,2025-05-06,2025-05-06,2025-05-06,13:44:00,echinodermata,250594,species,Sphaerechinus granularis,41.547670144,2.5162608748,False,Posidonia Dive,research,219,ealcaniz,cc-by-nc-sa,1,"ealcaniz, xasalva",1,0,web,Animalia,Echinodermata,Echinoidea,Camarodonta,Toxopneustidae,Sphaerechinus
451537,2025-05-06,2025-05-06,2025-05-06,13:43:00,actinopterygii,35065,species,Gobius xanthocephalus,41.547670144,2.5162608748,False,Posidonia Dive,research,219,ealcaniz,cc-by-nc-sa,1,"ealcaniz, xasalva",1,0,web,Animalia,Chordata,Teleostei,Gobiiformes,Gobiidae,Gobius
451536,2025-05-06,2025-05-06,2025-05-06,13:43:00,mollusca,34917,species,Peltodoris atromaculata,41.547670144,2.5162608748,False,Posidonia Dive,research,219,ealcaniz,cc-by-nc-sa,1,"ealcaniz, xasalva",1,0,web,Animalia,Mollusca,Gastropoda,Nudibranchia,Discodorididae,Peltodoris
451535,2025-05-06,2025-05-06,2025-05-06,13:41:00,mollusca,250214,species,Cerithium vulgatum,41.547670144,2.5162608748,False,Posidonia Dive,research,219,ealcaniz,cc-by-nc-sa,1,"ealcaniz, xasalva",1,0,web,Animalia,Mollusca,Gastropoda,,Cerithiidae,Cerithium
451534,2025-05-06,2025-05-06,2025-05-06,13:41:00,cnidaria,35248,species,Leptogorgia sarmentosa,41.547670144,2.5162608748,False,Posidonia Dive,research,219,ealcaniz,cc-by-nc-sa,1,"ealcaniz, xasalva",1,0,web,Animalia,Cnidaria,Anthozoa,Alcyonacea,Gorgoniidae,Leptogorgia
451533,2025-05-06,2025-05-06,2025-05-06,13:41:00,actinopterygii,13765,species,Serranus scriba,41.547670144,2.5162608748,False,Posidonia Dive,research,219,ealcaniz,cc-by-nc-sa,1,"ealcaniz, xasalva",1,0,web,Animalia,Chordata,Teleostei,Perciformes,Serranidae,Serranus
451532,2025-05-06,2025-05-06,2025-05-06,13:40:00,annelida,35119,species,Bonellia viridis,41.547670144,2.5162608748,False,Posidonia Dive,research,219,ealcaniz,cc-by-nc-sa,1,"ealcaniz, xasalva",1,0,web,Animalia,Annelida,Polychaeta,,Bonelliidae,Bonellia
451531,2025-05-06,2025-05-06,2025-05-06,13:40:00,porifera,252081,species,Cliona viridis,41.547670144,2.5162608748,False,Posidonia Dive,research,219,ealcaniz,cc-by-nc-sa,1,"xasalva, ealcaniz",1,0,web,Animalia,Porifera,Demospongiae,Hadromerida,Clionaidae,Cliona
451530,2025-05-06,2025-05-06,2025-05-06,13:39:00,mollusca,34917,species,Peltodoris atromaculata,41.547670144,2.5162608748,False,Posidonia Dive,research,219,ealcaniz,cc-by-nc-sa,1,"ealcaniz, xasalva",1,0,web,Animalia,Mollusca,Gastropoda,Nudibranchia,Discodorididae,Peltodoris
451529,2025-05-06,2025-05-06,2025-05-06,13:39:00,echinodermata,250594,species,Sphaerechinus granularis,41.547670144,2.5162608748,False,Posidonia Dive,research,219,ealcaniz,cc-by-nc-sa,1,"ealcaniz, xasalva",1,0,web,Animalia,Echinodermata,Echinoidea,Camarodonta,Toxopneustidae,Sphaerechinus
451528,2025-05-06,2025-05-06,2025-05-06,13:38:00,echinodermata,240406,species,Arbacia lixula,41.547670144,2.5162608748,False,Posidonia Dive,research,219,ealcaniz,cc-by-nc-sa,1,"ealcaniz, xasalva",1,0,web,Animalia,Echinodermata,Echinoidea,Arbacioida,Arbaciidae,Arbacia
451527,2025-05-06,2025-05-06,2025-05-06,13:37:00,actinopterygii,12378,species,Apogon imberbis,41.547670144,2.5162608748,False,Posidonia Dive,research,219,ealcaniz,cc-by-nc-sa,1,"ealcaniz, xasalva",1,0,web,Animalia,Chordata,Teleostei,Gobiiformes,Apogonidae,Apogon
451526,2025-05-06,2025-05-06,2025-05-06,13:37:00,porifera,246841,species,Ascandra contorta,41.547670144,2.5162608748,False,Posidonia Dive,research,219,ealcaniz,cc-by-nc-sa,1,"xasalva, ealcaniz",1,0,web,Animalia,Porifera,Calcarea,Clathrinida,Leucaltidae,Ascandra
451525,2025-05-06,2025-05-06,2025-05-06,13:36:00,echinodermata,251866,species,Holothuria forskali,41.547670144,2.5162608748,False,Posidonia Dive,research,219,ealcaniz,cc-by-nc-sa,1,"ealcaniz, xasalva",1,0,web,Animalia,Echinodermata,Holothuroidea,Holothuriida,Holothuriidae,Holothuria
450927,2025-05-05,2025-05-05,2025-05-05,09:23:00,mollusca,35075,species,Octopus vulgaris,41.2266237729,1.7900309232,False,"Barcelona, Espanya",research,81,cem,cc-by-nc,1,"cem, xasalva",1,0,web,Animalia,Mollusca,Cephalopoda,Octopoda,Octopodidae,Octopus
450273,2025-05-04,2025-05-04,2025-05-03,09:25:00,mollusca,244052,species,Alvania discors,41.4100470322,2.2271331852,False,Zona de Banys Fòrum,research,16,guillermoalvarez_fecdas,cc-by-nc,1,"guillermoalvarez_fecdas, xasalva",1,0,web,Animalia,Mollusca,Gastropoda,Littorinimorpha,Rissoidae,Alvania
450272,2025-05-04,2025-05-04,2025-05-03,09:25:00,mollusca,255683,species,Alvania hirta,41.4100470322,2.2271331852,False,Zona de Banys Fòrum,research,16,guillermoalvarez_fecdas,cc-by-nc,1,"guillermoalvarez_fecdas, xasalva",1,0,web,Animalia,Mollusca,Gastropoda,Littorinimorpha,Rissoidae,Alvania
450271,2025-05-04,2025-05-04,2025-05-03,09:25:00,mollusca,242914,species,Polititapes aureus,41.4100470322,2.2271331852,False,Zona de Banys Fòrum,research,16,guillermoalvarez_fecdas,cc-by-nc,1,"guillermoalvarez_fecdas, xasalva",1,0,web,Animalia,Mollusca,Bivalvia,Venerida,Veneridae,Polititapes
450269,2025-05-04,2025-05-04,2025-05-03,09:25:00,mollusca,263524,species,Parvicardium vroomi,41.4100470322,2.2271331852,False,Zona de Banys Fòrum,research,16,guillermoalvarez_fecdas,cc-by-nc,1,"guillermoalvarez_fecdas, xasalva",1,0,web,Animalia,Mollusca,Bivalvia,Cardiida,Cardiidae,Parvicardium
450268,2025-05-04,2025-05-05,2025-05-03,09:25:00,mollusca,258900,species,Timoclea ovata,41.4100470322,2.2271331852,False,Zona de Banys Fòrum,research,16,guillermoalvarez_fecdas,cc-by-nc,1,"guillermoalvarez_fecdas, xasalva, guillermoalvarez_fecdas",1,0,web,Animalia,Mollusca,Bivalvia,Venerida,Veneridae,Timoclea
450267,2025-05-04,2025-05-04,2025-05-03,09:25:00,mollusca,247723,species,Musculus costulatus,41.4100470322,2.2271331852,False,Zona de Banys Fòrum,research,16,guillermoalvarez_fecdas,cc-by-nc,1,"guillermoalvarez_fecdas, xasalva",1,0,web,Animalia,Mollusca,Bivalvia,Mytilida,Mytilidae,Musculus
450266,2025-05-04,2025-05-04,2025-05-03,09:25:00,mollusca,51246,species,Striarca lactea,41.4100470322,2.2271331852,False,Zona de Banys Fòrum,research,16,guillermoalvarez_fecdas,cc-by-nc,1,"guillermoalvarez_fecdas, xasalva",1,0,web,Animalia,Mollusca,Bivalvia,Arcida,Noetiidae,Striacta
450265,2025-05-04,2025-05-04,2025-05-03,09:25:00,mollusca,240370,species,Haminoea orteai,41.4100470322,2.2271331852,False,Zona de Banys Fòrum,research,16,guillermoalvarez_fecdas,cc-by-nc,1,"guillermoalvarez_fecdas, xasalva",1,0,web,Animalia,Mollusca,Gastropoda,Cephalaspidea,Haminoeidae,Haminoea
450264,2025-05-04,2025-05-04,2025-05-03,09:25:00,mollusca,244052,species,Alvania discors,41.4100470322,2.2271331852,False,Zona de Banys Fòrum,research,16,guillermoalvarez_fecdas,cc-by-nc,1,"guillermoalvarez_fecdas, xasalva",1,0,web,Animalia,Mollusca,Gastropoda,Littorinimorpha,Rissoidae,Alvania
450263,2025-05-04,2025-05-04,2025-05-03,09:25:00,mollusca,248915,species,Gibbula turbinoides,41.4100470322,2.2271331852,False,Zona de Banys Fòrum,research,16,guillermoalvarez_fecdas,cc-by-nc,1,"guillermoalvarez_fecdas, xasalva",1,0,web,Animalia,Mollusca,Gastropoda,Trochida,Trochidae,Gibbula
450262,2025-05-04,2025-05-04,2025-05-03,09:25:00,mollusca,249653,species,Ocenebra edwardsii,41.4100470322,2.2271331852,False,Zona de Banys Fòrum,research,16,guillermoalvarez_fecdas,cc-by-nc,1,"guillermoalvarez_fecdas, xasalva",1,0,web,Animalia,Mollusca,Gastropoda,Neogastropoda,Muricidae,Ocenebra
450261,2025-05-04,2025-05-04,2025-05-03,09:25:00,mollusca,244058,species,Alvania lineata,41.4100470322,2.2271331852,False,Zona de Banys Fòrum,research,16,guillermoalvarez_fecdas,cc-by-nc,1,"guillermoalvarez_fecdas, xasalva",1,0,web,Animalia,Mollusca,Gastropoda,Littorinimorpha,Rissoidae,Alvania
450259,2025-05-04,2025-05-04,2025-05-03,09:25:00,mollusca,249653,species,Ocenebra edwardsii,41.4100470322,2.2271331852,False,Zona de Banys Fòrum,research,16,guillermoalvarez_fecdas,cc-by-nc,1,"guillermoalvarez_fecdas, xasalva",1,0,web,Animalia,Mollusca,Gastropoda,Neogastropoda,Muricidae,Ocenebra
450258,2025-05-04,2025-05-04,2025-05-03,09:25:00,mollusca,263359,species,Pusillina philippi,41.4100470322,2.2271331852,False,Zona de Banys Fòrum,research,16,guillermoalvarez_fecdas,cc-by-nc,1,"guillermoalvarez_fecdas, xasalva",1,0,web,Animalia,Mollusca,Gastropoda,Littorinimorpha,Rissoidae,Pusillina
450257,2025-05-04,2025-05-04,2025-05-03,09:25:00,mollusca,244052,species,Alvania discors,41.4100470322,2.2271331852,False,Zona de Banys Fòrum,research,16,guillermoalvarez_fecdas,cc-by-nc,1,"guillermoalvarez_fecdas, xasalva",1,0,web,Animalia,Mollusca,Gastropoda,Littorinimorpha,Rissoidae,Alvania
450256,2025-05-04,2025-05-04,2025-05-03,09:25:00,mollusca,255683,species,Alvania hirta,41.4100470322,2.2271331852,False,Zona de Banys Fòrum,research,16,guillermoalvarez_fecdas,cc-by-nc,1,"guillermoalvarez_fecdas, xasalva",1,0,web,Animalia,Mollusca,Gastropoda,Littorinimorpha,Rissoidae,Alvania
450255,2025-05-04,2025-05-04,2025-05-03,09:25:00,mollusca,34782,species,Bittium reticulatum,41.4100470322,2.2271331852,False,Zona de Banys Fòrum,research,16,guillermoalvarez_fecdas,cc-by-nc,1,"guillermoalvarez_fecdas, xasalva",1,0,web,Animalia,Mollusca,Gastropoda,,Cerithiidae,Bittium
450254,2025-05-04,2025-05-04,2025-05-03,09:25:00,mollusca,48058,species,Mytilaster minimus,41.4100470322,2.2271331852,False,Zona de Banys Fòrum,research,16,guillermoalvarez_fecdas,cc-by-nc,1,"guillermoalvarez_fecdas, xasalva",1,0,web,Animalia,Mollusca,Bivalvia,Mytilida,Mytilidae,Mytilaster
450252,2025-05-04,2025-05-04,2025-05-03,09:25:00,mollusca,250214,species,Cerithium vulgatum,41.4100470322,2.2271331852,False,Zona de Banys Fòrum,research,16,guillermoalvarez_fecdas,cc-by-nc,1,"guillermoalvarez_fecdas, xasalva",1,0,web,Animalia,Mollusca,Gastropoda,,Cerithiidae,Cerithium
450251,2025-05-04,2025-05-04,2025-05-03,09:25:00,mollusca,249653,species,Ocenebra edwardsii,41.4100470322,2.2271331852,False,Zona de Banys Fòrum,research,16,guillermoalvarez_fecdas,cc-by-nc,1,"guillermoalvarez_fecdas, xasalva",1,0,web,Animalia,Mollusca,Gastropoda,Neogastropoda,Muricidae,Ocenebra
450248,2025-05-04,2025-05-05,2025-05-03,09:25:00,mollusca,252195,species,Loripes orbiculatus,41.4100470322,2.2271331852,False,Zona de Banys Fòrum,research,16,guillermoalvarez_fecdas,cc-by-nc,1,"guillermoalvarez_fecdas, xasalva, guillermoalvarez_fecdas",1,0,web,Animalia,Mollusca,Bivalvia,Lucinida,Lucinidae,Loripes
450247,2025-05-04,2025-05-04,2025-05-03,09:25:00,mollusca,251602,species,Hiatella arctica,41.4100470322,2.2271331852,False,Zona de Banys Fòrum,research,16,guillermoalvarez_fecdas,cc-by-nc,1,"guillermoalvarez_fecdas, xasalva",1,0,web,Animalia,Mollusca,Bivalvia,Myoida,Hiatellidae,Hiatella
450246,2025-05-04,2025-05-04,2025-05-03,09:25:00,chromista,255572,species,Miniacina miniacea,41.4100470322,2.2271331852,False,Zona de Banys Fòrum,research,16,guillermoalvarez_fecdas,cc-by-nc,1,"guillermoalvarez_fecdas, xasalva",1,0,web,Chromista,Foraminifera,Globothalamea,Rotaliida,Homotrematidae,Miniacina
450245,2025-05-04,2025-05-04,2025-05-03,09:25:00,mollusca,35107,species,Patella caerulea,41.4100470322,2.2271331852,False,Zona de Banys Fòrum,research,16,guillermoalvarez_fecdas,cc-by-nc,1,"guillermoalvarez_fecdas, xasalva",1,0,web,Animalia,Mollusca,Gastropoda,Patellogastropoda,Patellidae,Patella
450244,2025-05-04,2025-05-04,2025-05-03,09:25:00,mollusca,253345,species,Tritia corniculum,41.4100470322,2.2271331852,False,Zona de Banys Fòrum,research,16,guillermoalvarez_fecdas,cc-by-nc,1,"guillermoalvarez_fecdas, xasalva",1,0,web,Animalia,Mollusca,Gastropoda,Neogastropoda,Nassariidae,Tritia
450243,2025-05-04,2025-05-04,2025-05-03,09:25:00,mollusca,249384,species,Gregariella petagnae,41.4100470322,2.2271331852,False,Zona de Banys Fòrum,research,16,guillermoalvarez_fecdas,cc-by-nc,1,"guillermoalvarez_fecdas, xasalva",1,0,web,Animalia,Mollusca,Bivalvia,Mytilida,Mytilidae,Gregariella
450242,2025-05-04,2025-05-04,2025-05-03,09:25:00,mollusca,75433,species,Papillicardium papillosum,41.4100470322,2.2271331852,False,Zona de Banys Fòrum,research,16,guillermoalvarez_fecdas,cc-by-nc,1,"guillermoalvarez_fecdas, xasalva",1,0,web,Animalia,Mollusca,Bivalvia,Cardiida,Cardiidae,Papillicardium
450241,2025-05-04,2025-05-04,2025-05-03,09:25:00,mollusca,34782,species,Bittium reticulatum,41.4100470322,2.2271331852,False,Zona de Banys Fòrum,research,16,guillermoalvarez_fecdas,cc-by-nc,1,"guillermoalvarez_fecdas, xasalva",1,0,web,Animalia,Mollusca,Gastropoda,,Cerithiidae,Bittium
450240,2025-05-04,2025-05-04,2025-05-03,09:25:00,mollusca,253345,species,Tritia corniculum,41.4100470322,2.2271331852,False,Zona de Banys Fòrum,research,16,guillermoalvarez_fecdas,cc-by-nc,1,"guillermoalvarez_fecdas, xasalva",1,0,web,Animalia,Mollusca,Gastropoda,Neogastropoda,Nassariidae,Tritia
450239,2025-05-04,2025-05-04,2025-05-03,09:25:00,mollusca,255674,species,Parvicardium exiguum,41.4100470322,2.2271331852,False,Zona de Banys Fòrum,research,16,guillermoalvarez_fecdas,cc-by-nc,1,"guillermoalvarez_fecdas, xasalva",1,0,web,Animalia,Mollusca,Bivalvia,Cardiida,Cardiidae,Parvicardium
450238,2025-05-04,2025-05-04,2025-05-03,09:25:00,mollusca,61683,species,Melarhaphe neritoides,41.4100470322,2.2271331852,False,Zona de Banys Fòrum,research,16,guillermoalvarez_fecdas,cc-by-nc,1,"guillermoalvarez_fecdas, xasalva",1,0,web,Animalia,Mollusca,Gastropoda,Littorinimorpha,Littorinidae,Melarhaphe
450237,2025-05-04,2025-05-04,2025-05-03,09:25:00,mollusca,34782,species,Bittium reticulatum,41.4100470322,2.2271331852,False,Zona de Banys Fòrum,research,16,guillermoalvarez_fecdas,cc-by-nc,1,"guillermoalvarez_fecdas, xasalva",1,0,web,Animalia,Mollusca,Gastropoda,,Cerithiidae,Bittium
450236,2025-05-04,2025-05-04,2025-05-03,09:25:00,mollusca,242071,species,Irus irus,41.4100470322,2.2271331852,False,Zona de Banys Fòrum,research,16,guillermoalvarez_fecdas,cc-by-nc,1,"guillermoalvarez_fecdas, xasalva",1,0,web,Animalia,Mollusca,Bivalvia,Venerida,Veneridae,Irus
450235,2025-05-04,2025-05-04,2025-05-03,09:25:00,mollusca,248921,species,Fissurella nubecula,41.4100470322,2.2271331852,False,Zona de Banys Fòrum,research,16,guillermoalvarez_fecdas,cc-by-nc,1,"guillermoalvarez_fecdas, xasalva",1,0,web,Animalia,Mollusca,Gastropoda,Lepetellida,Fissurellidae,Fissurella
450234,2025-05-04,2025-05-06,2025-05-03,09:25:00,crustacea,17630,genus,Ebalia,41.4100470322,2.2271331852,False,Zona de Banys Fòrum,research,16,guillermoalvarez_fecdas,cc-by-nc,2,"guillermoalvarez_fecdas, xasalva",2,0,web,Animalia,Arthropoda,Malacostraca,Decapoda,Leucosiidae,
450233,2025-05-04,2025-05-04,2025-05-03,09:25:00,plantae,244404,species,Amphiroa beauvoisii,41.4100470322,2.2271331852,False,Zona de Banys Fòrum,research,16,guillermoalvarez_fecdas,cc-by-nc,1,"guillermoalvarez_fecdas, xasalva",1,0,web,Plantae,Rhodophyta,Florideophyceae,Corallinales,Lithophyllaceae,Amphiroa
450232,2025-05-04,2025-05-04,2025-05-03,09:25:00,plantae,35123,species,Ellisolandia elongata,41.4100470322,2.2271331852,False,Zona de Banys Fòrum,research,16,guillermoalvarez_fecdas,cc-by-nc,1,"guillermoalvarez_fecdas, xasalva",1,0,web,Plantae,Rhodophyta,Florideophyceae,Corallinales,Lithophyllaceae,Ellisolandia
450225,2025-05-04,2025-05-04,2025-05-03,09:21:00,mollusca,248921,species,Fissurella nubecula,41.4099343801,2.2270473545,False,Zona de Banys Fòrum,research,16,guillermoalvarez_fecdas,cc-by-nc,1,"guillermoalvarez_fecdas, xasalva",1,0,web,Animalia,Mollusca,Gastropoda,Lepetellida,Fissurellidae,Fissurella
450224,2025-05-04,2025-05-05,2025-05-03,09:21:00,mollusca,243610,species,Lepidochitona caprearum,41.4099343801,2.2270473545,False,Zona de Banys Fòrum,research,16,guillermoalvarez_fecdas,cc-by-nc,1,"guillermoalvarez_fecdas, xasalva, guillermoalvarez_fecdas",1,0,web,Animalia,Mollusca,Polyplacophora,Neoloricata,Ischnochitonidae,Lepidochitona
450223,2025-05-04,2025-05-04,2025-05-03,09:21:00,echinodermata,254743,species,Ophiactis savignyi,41.4099343801,2.2270473545,False,Zona de Banys Fòrum,research,16,guillermoalvarez_fecdas,cc-by-nc,1,"guillermoalvarez_fecdas, xasalva",1,0,web,Animalia,Echinodermata,Ophiuroidea,Ophiurida,Ophiactidae,Ophiactis
450222,2025-05-04,2025-05-06,2025-05-03,09:21:00,mollusca,250873,species,Haminoea orbignyana,41.4099343801,2.2270473545,False,Zona de Banys Fòrum,research,16,guillermoalvarez_fecdas,cc-by-nc,2,"xasalva, loreto_rodriguez",2,0,web,Animalia,Mollusca,Gastropoda,Cephalaspidea,Haminoeidae,Haminoea
450221,2025-05-04,2025-05-04,2025-05-03,08:19:00,animalia,34972,species,Pyura dura,41.409628609,2.2269615238,False,Zona de Banys Fòrum,research,16,guillermoalvarez_fecdas,cc-by-nc,1,"guillermoalvarez_fecdas, xasalva",1,0,web,Animalia,Chordata,Ascidiacea,Pleurogona,Pyuridae,Pyura
450220,2025-05-04,2025-05-04,2025-05-03,08:19:00,annelida,242255,species,Janua heterostropha,41.409628609,2.2269615238,False,Zona de Banys Fòrum,research,16,guillermoalvarez_fecdas,cc-by-nc,1,"guillermoalvarez_fecdas, xasalva",1,0,web,Animalia,Annelida,Polychaeta,Sabellida,Serpulidae,Janua
450219,2025-05-04,2025-05-04,2025-05-03,08:19:00,animalia,246995,species,Botryllus schlosseri,41.409628609,2.2269615238,False,Zona de Banys Fòrum,research,16,guillermoalvarez_fecdas,cc-by-nc,1,"guillermoalvarez_fecdas, xasalva",1,0,web,Animalia,Chordata,Ascidiacea,Pleurogona,Styelidae,Botryllus
450218,2025-05-04,2025-05-04,2025-05-03,08:19:00,porifera,34842,species,Cliona celata,41.409628609,2.2269615238,False,Zona de Banys Fòrum,research,16,guillermoalvarez_fecdas,cc-by-nc,1,"guillermoalvarez_fecdas, xasalva",1,0,web,Animalia,Porifera,Demospongiae,Hadromerida,Clionaidae,Cliona
450217,2025-05-04,2025-05-04,2025-05-03,08:19:00,plantae,35123,species,Ellisolandia elongata,41.409628609,2.2269615238,False,Zona de Banys Fòrum,research,16,guillermoalvarez_fecdas,cc-by-nc,1,"guillermoalvarez_fecdas, xasalva",1,0,web,Plantae,Rhodophyta,Florideophyceae,Corallinales,Lithophyllaceae,Ellisolandia
450215,2025-05-04,2025-05-04,2025-05-03,08:19:00,animalia,34972,species,Pyura dura,41.409628609,2.2269615238,False,Zona de Banys Fòrum,research,16,guillermoalvarez_fecdas,cc-by-nc,1,"guillermoalvarez_fecdas, xasalva",1,0,web,Animalia,Chordata,Ascidiacea,Pleurogona,Pyuridae,Pyura
450214,2025-05-04,2025-05-04,2025-05-03,08:19:00,animalia,244588,species,Lissoclinum perforatum,41.409628609,2.2269615238,False,Zona de Banys Fòrum,research,16,guillermoalvarez_fecdas,cc-by-nc,1,"guillermoalvarez_fecdas, xasalva",1,0,web,Animalia,Chordata,Ascidiacea,Enterogona,Didemnidae,Lissoclinum
450213,2025-05-04,2025-05-04,2025-05-03,08:19:00,mollusca,35008,species,Steromphala varia,41.409628609,2.2269615238,False,Zona de Banys Fòrum,research,16,guillermoalvarez_fecdas,cc-by-nc,1,"guillermoalvarez_fecdas, xasalva",1,0,web,Animalia,Mollusca,Gastropoda,Trochida,Trochidae,Steromphala
450212,2025-05-04,2025-05-04,2025-05-03,08:18:00,plantae,246914,species,Asparagopsis taxiformis,41.409628609,2.2269615238,False,Zona de Banys Fòrum,research,16,guillermoalvarez_fecdas,cc-by-nc,1,"guillermoalvarez_fecdas, xasalva",1,0,web,Plantae,Rhodophyta,Florideophyceae,Bonnemaisoniales,Bonnemaisoniaceae,Asparagopsis
450211,2025-05-04,2025-05-04,2025-05-03,08:16:00,,34883,species,Maja crispata,41.409628609,2.2269615238,False,Zona de Banys Fòrum,research,16,guillermoalvarez_fecdas,cc-by-nc,1,"guillermoalvarez_fecdas, xasalva",1,0,web,Animalia,Arthropoda,Malacostraca,Decapoda,Majidae,Maja
450210,2025-05-04,2025-05-04,2025-05-03,08:08:00,mollusca,254010,species,Rhyssoplax olivacea,41.409628609,2.2269615238,False,Zona de Banys Fòrum,research,16,guillermoalvarez_fecdas,cc-by-nc,1,"guillermoalvarez_fecdas, xasalva",1,0,web,Animalia,Mollusca,Polyplacophora,,Chitonidae,Rhyssoplax
450209,2025-05-04,2025-05-04,2025-05-03,08:07:00,mollusca,248921,species,Fissurella nubecula,41.409628609,2.2269615238,False,Zona de Banys Fòrum,research,16,guillermoalvarez_fecdas,cc-by-nc,1,"guillermoalvarez_fecdas, xasalva",1,0,web,Animalia,Mollusca,Gastropoda,Lepetellida,Fissurellidae,Fissurella
450208,2025-05-04,2025-05-05,2025-05-03,08:05:00,actinopterygii,252756,species,Parablennius tentacularis,41.409628609,2.2269615238,False,Zona de Banys Fòrum,research,16,guillermoalvarez_fecdas,cc-by-nc,1,"guillermoalvarez_fecdas, xasalva, guillermoalvarez_fecdas",1,0,web,Animalia,Chordata,Teleostei,Perciformes,Blenniidae,Parablennius
450206,2025-05-04,2025-05-04,2025-05-03,07:56:00,mollusca,250748,species,Peronaea planata,41.409628609,2.2269615238,False,Zona de Banys Fòrum,research,16,guillermoalvarez_fecdas,cc-by-nc,1,"guillermoalvarez_fecdas, xasalva",1,0,web,Animalia,Mollusca,Bivalvia,Cardiida,Tellinidae,Peronaea
450205,2025-05-04,2025-05-04,2025-05-03,07:55:00,mollusca,250214,species,Cerithium vulgatum,41.409628609,2.2269615238,False,Zona de Banys Fòrum,research,16,guillermoalvarez_fecdas,cc-by-nc,1,"guillermoalvarez_fecdas, xasalva",1,0,web,Animalia,Mollusca,Gastropoda,,Cerithiidae,Cerithium
450204,2025-05-04,2025-05-04,2025-05-03,07:50:00,mollusca,253944,species,Arca noae,41.409628609,2.2269615238,False,Zona de Banys Fòrum,research,16,guillermoalvarez_fecdas,cc-by-nc,1,"guillermoalvarez_fecdas, xasalva",1,0,web,Animalia,Mollusca,Bivalvia,Arcida,Arcidae,Arca
450203,2025-05-04,2025-05-04,2025-05-03,07:48:00,mollusca,51246,species,Striarca lactea,41.409628609,2.2269615238,False,Zona de Banys Fòrum,research,16,guillermoalvarez_fecdas,cc-by-nc,1,"guillermoalvarez_fecdas, xasalva",1,0,web,Animalia,Mollusca,Bivalvia,Arcida,Noetiidae,Striacta
450202,2025-05-04,2025-05-04,2025-05-03,07:47:00,mollusca,138559,species,Rocellaria dubia,41.409628609,2.2269615238,False,Zona de Banys Fòrum,research,16,guillermoalvarez_fecdas,cc-by-nc,1,"guillermoalvarez_fecdas, xasalva",1,0,web,Animalia,Mollusca,Bivalvia,Gastrochaenida,Gastrochaenidae,Rocellaria
450201,2025-05-04,2025-05-04,2025-05-03,07:47:00,echinodermata,34848,species,Paracentrotus lividus,41.409628609,2.2269615238,False,Zona de Banys Fòrum,research,16,guillermoalvarez_fecdas,cc-by-nc,1,"guillermoalvarez_fecdas, xasalva",1,0,web,Animalia,Echinodermata,Echinoidea,Camarodonta,Parechinidae,Paracentrotus
450200,2025-05-04,2025-05-04,2025-05-03,07:47:00,animalia,244588,species,Lissoclinum perforatum,41.409628609,2.2269615238,False,Zona de Banys Fòrum,research,16,guillermoalvarez_fecdas,cc-by-nc,1,"guillermoalvarez_fecdas, xasalva",1,0,web,Animalia,Chordata,Ascidiacea,Enterogona,Didemnidae,Lissoclinum
450199,2025-05-04,2025-05-04,2025-05-03,07:47:00,animalia,244591,species,Lissoclinum weigelei,41.409628609,2.2269615238,False,Zona de Banys Fòrum,research,16,guillermoalvarez_fecdas,cc-by-nc,1,"guillermoalvarez_fecdas, xasalva",1,0,web,Animalia,Chordata,Ascidiacea,Enterogona,Didemnidae,Lissoclinum
450198,2025-05-04,2025-05-04,2025-05-03,07:44:00,mollusca,34855,species,Sepia officinalis,41.409628609,2.2269615238,False,Zona de Banys Fòrum,research,16,guillermoalvarez_fecdas,cc-by-nc,1,"guillermoalvarez_fecdas, xasalva",1,0,web,Animalia,Mollusca,Cephalopoda,Sepiida,Sepiidae,Sepia
450197,2025-05-04,2025-05-05,2025-05-03,07:41:00,actinopterygii,240399,species,Tripterygion tripteronotum,41.409628609,2.2269615238,False,Zona de Banys Fòrum,research,16,guillermoalvarez_fecdas,cc-by-nc,1,"guillermoalvarez_fecdas, xasalva, guillermoalvarez_fecdas",1,0,web,Animalia,Chordata,Teleostei,Perciformes,Tripterygiidae,Tripterygion
450195,2025-05-04,2025-05-04,2025-05-03,07:40:00,mollusca,53500,species,Stramonita haemastoma,41.409628609,2.2269615238,False,Zona de Banys Fòrum,research,16,guillermoalvarez_fecdas,cc-by-nc,1,"guillermoalvarez_fecdas, xasalva",1,0,web,Animalia,Mollusca,Gastropoda,Neogastropoda,Muricidae,Stramonita
450194,2025-05-04,2025-05-04,2025-05-03,07:38:00,,34883,species,Maja crispata,41.409628609,2.2269615238,False,Zona de Banys Fòrum,research,16,guillermoalvarez_fecdas,cc-by-nc,1,"guillermoalvarez_fecdas, xasalva",1,0,web,Animalia,Arthropoda,Malacostraca,Decapoda,Majidae,Maja
450193,2025-05-04,2025-05-04,2025-05-03,07:37:00,mollusca,35092,species,Haliotis tuberculata,41.409628609,2.2269615238,False,Zona de Banys Fòrum,research,16,guillermoalvarez_fecdas,cc-by-nc,1,"guillermoalvarez_fecdas, xasalva",1,0,web,Animalia,Mollusca,Gastropoda,Lepetellida,Haliotidae,Haliotis
450192,2025-05-04,2025-05-05,2025-05-03,07:37:00,plantae,244641,species,Lithophyllum incrustans,41.409628609,2.2269615238,False,Zona de Banys Fòrum,research,16,guillermoalvarez_fecdas,cc-by-nc,1,"guillermoalvarez_fecdas, xasalva, guillermoalvarez_fecdas",1,0,web,Plantae,Rhodophyta,Florideophyceae,Corallinales,Lithophyllaceae,Lithophyllum
450191,2025-05-04,2025-05-04,2025-05-03,07:37:00,mollusca,34875,species,Hexaplex trunculus,41.409628609,2.2269615238,False,Zona de Banys Fòrum,research,16,guillermoalvarez_fecdas,cc-by-nc,1,"guillermoalvarez_fecdas, xasalva",1,0,web,Animalia,Mollusca,Gastropoda,Neogastropoda,Muricidae,Hexaplex
450190,2025-05-04,2025-05-04,2025-05-03,07:36:00,plantae,35123,species,Ellisolandia elongata,41.409628609,2.2269615238,False,Zona de Banys Fòrum,research,16,guillermoalvarez_fecdas,cc-by-nc,1,"guillermoalvarez_fecdas, xasalva",1,0,web,Plantae,Rhodophyta,Florideophyceae,Corallinales,Lithophyllaceae,Ellisolandia
450187,2025-05-04,2025-05-04,2025-05-03,07:33:00,plantae,246914,species,Asparagopsis taxiformis,41.409628609,2.2269615238,False,Zona de Banys Fòrum,research,16,guillermoalvarez_fecdas,cc-by-nc,1,"guillermoalvarez_fecdas, xasalva",1,0,web,Plantae,Rhodophyta,Florideophyceae,Bonnemaisoniales,Bonnemaisoniaceae,Asparagopsis
450186,2025-05-04,2025-05-04,2025-05-03,07:32:00,annelida,242255,species,Janua heterostropha,41.409628609,2.2269615238,False,Zona de Banys Fòrum,research,16,guillermoalvarez_fecdas,cc-by-nc,1,"guillermoalvarez_fecdas, xasalva",1,0,web,Animalia,Annelida,Polychaeta,Sabellida,Serpulidae,Janua
450185,2025-05-04,2025-05-04,2025-05-03,07:32:00,,35214,species,Dictyota cyanoloma,41.409628609,2.2269615238,False,Zona de Banys Fòrum,research,16,guillermoalvarez_fecdas,cc-by-nc,1,"guillermoalvarez_fecdas, xasalva",1,0,web,Chromista,Ochrophyta,Phaeophyceae,Dictyotales,Dictyotaceae,Dictyota
450184,2025-05-04,2025-05-06,2025-05-03,07:31:00,animalia,8827,genus,Didemnum,41.409628609,2.2269615238,False,Zona de Banys Fòrum,research,16,guillermoalvarez_fecdas,cc-by-nc,2,"guillermoalvarez_fecdas, xasalva",2,0,web,Animalia,Chordata,Ascidiacea,Enterogona,Didemnidae,
450183,2025-05-04,2025-05-04,2025-05-03,07:31:00,porifera,255638,species,Plakina monolopha,41.409628609,2.2269615238,False,Zona de Banys Fòrum,research,16,guillermoalvarez_fecdas,cc-by-nc,1,"guillermoalvarez_fecdas, xasalva",1,0,web,Animalia,Porifera,Homoscleromorpha,Homosclerophorida,Plakinidae,Plakina
450182,2025-05-04,2025-05-04,2025-05-03,07:31:00,animalia,244588,species,Lissoclinum perforatum,41.409628609,2.2269615238,False,Zona de Banys Fòrum,research,16,guillermoalvarez_fecdas,cc-by-nc,1,"guillermoalvarez_fecdas, xasalva",1,0,web,Animalia,Chordata,Ascidiacea,Enterogona,Didemnidae,Lissoclinum
450180,2025-05-04,2025-05-04,2025-05-03,07:29:00,plantae,244404,species,Amphiroa beauvoisii,41.409628609,2.2269615238,False,Zona de Banys Fòrum,research,16,guillermoalvarez_fecdas,cc-by-nc,1,"guillermoalvarez_fecdas, xasalva",1,0,web,Plantae,Rhodophyta,Florideophyceae,Corallinales,Lithophyllaceae,Amphiroa
450179,2025-05-04,2025-05-04,2025-05-03,07:28:00,plantae,246914,species,Asparagopsis taxiformis,41.409628609,2.2269615238,False,Zona de Banys Fòrum,research,16,guillermoalvarez_fecdas,cc-by-nc,1,"guillermoalvarez_fecdas, xasalva",1,0,web,Plantae,Rhodophyta,Florideophyceae,Bonnemaisoniales,Bonnemaisoniaceae,Asparagopsis
450178,2025-05-04,2025-05-04,2025-05-03,07:28:00,porifera,34842,species,Cliona celata,41.409628609,2.2269615238,False,Zona de Banys Fòrum,research,16,guillermoalvarez_fecdas,cc-by-nc,1,"guillermoalvarez_fecdas, xasalva",1,0,web,Animalia,Porifera,Demospongiae,Hadromerida,Clionaidae,Cliona
450177,2025-05-04,2025-05-04,2025-05-03,07:27:00,mollusca,35003,species,Pleurehdera stellata,41.409628609,2.2269615238,False,Zona de Banys Fòrum,research,16,guillermoalvarez_fecdas,cc-by-nc,1,"guillermoalvarez_fecdas, xasalva",1,0,web,Animalia,Mollusca,Gastropoda,Pleurobranchida,Pleurobranchidae,Pleurehdera
450176,2025-05-04,2025-05-04,2025-05-03,07:27:00,,252060,species,Clibanarius erythropus,41.409628609,2.2269615238,False,Zona de Banys Fòrum,research,16,guillermoalvarez_fecdas,cc-by-nc,1,"guillermoalvarez_fecdas, xasalva",1,0,web,Animalia,Arthropoda,Malacostraca,Decapoda,Diogenidae,Clibanarius
450175,2025-05-04,2025-05-04,2025-05-03,07:27:00,mollusca,250214,species,Cerithium vulgatum,41.409628609,2.2269615238,False,Zona de Banys Fòrum,research,16,guillermoalvarez_fecdas,cc-by-nc,1,"guillermoalvarez_fecdas, xasalva",1,0,web,Animalia,Mollusca,Gastropoda,,Cerithiidae,Cerithium
450174,2025-05-04,2025-05-04,2025-05-03,07:26:00,echinodermata,34848,species,Paracentrotus lividus,41.409628609,2.2269615238,False,Zona de Banys Fòrum,research,16,guillermoalvarez_fecdas,cc-by-nc,1,"guillermoalvarez_fecdas, xasalva",1,0,web,Animalia,Echinodermata,Echinoidea,Camarodonta,Parechinidae,Paracentrotus
450172,2025-05-04,2025-05-04,2025-05-03,07:26:00,plantae,251668,species,Hildenbrandia rubra,41.409628609,2.2269615238,False,Zona de Banys Fòrum,research,16,guillermoalvarez_fecdas,cc-by-nc,1,"guillermoalvarez_fecdas, xasalva",1,0,web,Plantae,Rhodophyta,Florideophyceae,Hildenbrandiales,Hildenbrandiaceae,Hildenbrandia
450171,2025-05-04,2025-05-04,2025-05-03,07:26:00,mollusca,254010,species,Rhyssoplax olivacea,41.409628609,2.2269615238,False,Zona de Banys Fòrum,research,16,guillermoalvarez_fecdas,cc-by-nc,1,"guillermoalvarez_fecdas, xasalva",1,0,web,Animalia,Mollusca,Polyplacophora,,Chitonidae,Rhyssoplax
450170,2025-05-04,2025-05-04,2025-05-03,07:26:00,annelida,242255,species,Janua heterostropha,41.409628609,2.2269615238,False,Zona de Banys Fòrum,research,16,guillermoalvarez_fecdas,cc-by-nc,1,"guillermoalvarez_fecdas, xasalva",1,0,web,Animalia,Annelida,Polychaeta,Sabellida,Serpulidae,Janua
450169,2025-05-04,2025-05-04,2025-05-03,07:26:00,animalia,246995,species,Botryllus schlosseri,41.409628609,2.2269615238,False,Zona de Banys Fòrum,research,16,guillermoalvarez_fecdas,cc-by-nc,1,"guillermoalvarez_fecdas, xasalva",1,0,web,Animalia,Chordata,Ascidiacea,Pleurogona,Styelidae,Botryllus
450168,2025-05-04,2025-05-04,2025-05-03,07:22:00,crustacea,34898,species,Upogebia pusilla,41.409628609,2.2269615238,False,Zona de Banys Fòrum,research,16,guillermoalvarez_fecdas,cc-by-nc,1,"guillermoalvarez_fecdas, xasalva",1,0,web,Animalia,Arthropoda,Malacostraca,Decapoda,Upogebiidae,Upogebia
450167,2025-05-04,2025-05-04,2025-05-03,07:21:00,,35214,species,Dictyota cyanoloma,41.409628609,2.2269615238,False,Zona de Banys Fòrum,research,16,guillermoalvarez_fecdas,cc-by-nc,1,"guillermoalvarez_fecdas, xasalva",1,0,web,Chromista,Ochrophyta,Phaeophyceae,Dictyotales,Dictyotaceae,Dictyota
450166,2025-05-04,2025-05-04,2025-05-03,07:21:00,,35063,species,Dictyota dichotoma,41.409628609,2.2269615238,False,Zona de Banys Fòrum,research,16,guillermoalvarez_fecdas,cc-by-nc,1,"guillermoalvarez_fecdas, xasalva",1,0,web,Chromista,Ochrophyta,Phaeophyceae,Dictyotales,Dictyotaceae,Dictyota
449964,2025-05-03,2025-05-06,2025-05-03,08:12:00,bryozoa,34982,species,Myriapora truncata,41.5252622426,2.4619069565,False,"Mataró, Barcelona, España",research,715,asalva1,cc-by-nc,4,"asalva1, guillermoalvarez_fecdas, xasalva, loreto_rodriguez",3,1,web,Animalia,Bryozoa,Gymnolaemata,Cheilostomatida,Myriaporidae,Myriapora
449963,2025-05-03,2025-05-04,2025-05-03,08:12:00,annelida,247041,species,Sabella spallanzanii,41.5268041966,2.462936706,False,"Mataró, Barcelona, España",research,715,asalva1,cc-by-nc,4,"asalva1, guillermoalvarez_fecdas, bertinhaco, xasalva",3,1,web,Animalia,Annelida,Polychaeta,Sabellida,Sabellidae,Sabella
449962,2025-05-03,2025-05-04,2025-05-03,08:10:00,echinodermata,35260,species,Echinaster sepositus,41.5255194709,2.459503626,False,"Mataró, Barcelona, España",research,715,asalva1,cc-by-nc,1,"asalva1, jalaball",1,0,web,Animalia,Echinodermata,Asteroidea,Spinulosida,Echinasteridae,Echinaster
449961,2025-05-03,2025-05-04,2025-05-03,08:05:00,actinopterygii,14022,species,Muraena helena,41.5255194709,2.4639664876,False,"Mataró, Barcelona, España",research,715,asalva1,cc-by-nc,1,"asalva1, jalaball",1,0,web,Animalia,Chordata,Teleostei,Anguilliformes,Muraenidae,Muraena
449960,2025-05-03,2025-05-04,2025-05-03,08:00:00,actinopterygii,13755,species,Serranus cabrilla,41.5252627532,2.4632802475,False,"Mataró, Barcelona, España",research,715,asalva1,cc-by-nc,1,"asalva1, guillermoalvarez_fecdas",1,0,web,Animalia,Chordata,Teleostei,Perciformes,Serranidae,Serranus
449959,2025-05-03,2025-05-04,2025-05-03,07:54:00,actinopterygii,34796,species,Scorpaena notata,41.523206099,2.464996659,False,"Mataró, Barcelona, España",research,715,asalva1,cc-by-nc,1,"asalva1, guillermoalvarez_fecdas",1,0,web,Animalia,Chordata,Teleostei,Scorpaeniformes,Scorpaenidae,Scorpaena
449958,2025-05-03,2025-05-04,2025-05-03,07:58:00,annelida,247041,species,Sabella spallanzanii,41.5242341197,2.4601899183,False,"Mataró, Barcelona, España",research,715,asalva1,cc-by-nc,1,"asalva1, guillermoalvarez_fecdas",1,0,web,Animalia,Annelida,Polychaeta,Sabellida,Sabellidae,Sabella
449957,2025-05-03,2025-05-04,2025-05-03,07:51:00,actinopterygii,12378,species,Apogon imberbis,41.5255197211,2.462593063,False,"Mataró, Barcelona, España",research,715,asalva1,cc-by-nc,1,"asalva1, jalaball",1,0,web,Animalia,Chordata,Teleostei,Gobiiformes,Apogonidae,Apogon
449955,2025-05-03,2025-05-04,2025-05-03,07:49:00,mollusca,34855,species,Sepia officinalis,41.5250057862,2.4615626642,False,"Mataró, Barcelona, España",research,715,asalva1,cc-by-nc,1,"asalva1, guillermoalvarez_fecdas",1,0,web,Animalia,Mollusca,Cephalopoda,Sepiida,Sepiidae,Sepia
449954,2025-05-03,2025-05-04,2025-05-03,07:36:00,actinopterygii,13765,species,Serranus scriba,41.5216643946,2.4591597374,False,"Mataró, Barcelona, España",research,715,asalva1,cc-by-nc,1,"asalva1, guillermoalvarez_fecdas",1,0,web,Animalia,Chordata,Teleostei,Perciformes,Serranidae,Serranus
449953,2025-05-03,2025-05-04,2025-05-03,07:35:00,actinopterygii,34835,species,Coris julis,41.525776592,2.4653395206,False,"Mataró, Barcelona, España",research,715,asalva1,cc-by-nc,1,"asalva1, guillermoalvarez_fecdas",1,0,web,Animalia,Chordata,Teleostei,Perciformes,Labridae,Coris
449952,2025-05-03,2025-05-04,2025-05-03,07:34:00,actinopterygii,35125,species,Mullus surmuletus,41.5234632497,2.4595027949,False,"Mataró, Barcelona, España",research,715,asalva1,cc-by-nc,1,"asalva1, guillermoalvarez_fecdas",1,0,web,Animalia,Chordata,Teleostei,Perciformes,Mullidae,Mullus
449951,2025-05-03,2025-05-04,2025-05-03,07:32:00,actinopterygii,35027,species,Gobius cruentatus,41.522348424,2.465670512,False,"Mataró, Barcelona, España",research,715,asalva1,cc-by-nc,1,"asalva1, guillermoalvarez_fecdas",1,0,web,Animalia,Chordata,Teleostei,Gobiiformes,Gobiidae,Gobius
449874,2025-05-03,2025-05-05,2025-05-03,10:36:00,reptilia,254136,species,Podarcis liolepis,41.2793281421,2.0647065129,False,"Barcelona, Espanya",research,6,ramonservitje,cc-by-nc,1,"ramonservitje, xasalva",1,0,web,Animalia,Chordata,Reptilia,Squamata,Lacertidae,Podarcis
449873,2025-05-03,2025-05-05,2025-05-03,10:06:00,aves,252096,species,Tringa glareola,41.2819400253,2.0644294829,False,"Barcelona, Espanya",research,6,ramonservitje,cc-by-nc,1,"ramonservitje, xasalva",1,0,web,Animalia,Chordata,Aves,Ciconiiformes,Scolopacidae,Tringa
449872,2025-05-03,2025-05-05,2025-05-03,10:08:00,aves,263216,species,Calidris temminckii,41.2816808892,2.0647388796,False,"Barcelona, Espanya",research,6,ramonservitje,cc-by-nc,1,"ramonservitje, xasalva",1,0,web,Animalia,Chordata,Aves,Ciconiiformes,Scolopacidae,Calidris
449871,2025-05-03,2025-05-05,2025-05-03,08:29:00,insecta,252782,species,Pararge aegeria,41.2818929007,2.0645011434,False,"Barcelona, Espanya",research,6,ramonservitje,cc-by-nc,1,"ramonservitje, xasalva",1,0,web,Animalia,Arthropoda,Insecta,Lepidoptera,Nymphalidae,Pararge
449870,2025-05-03,2025-05-05,2025-05-03,09:07:00,aves,245119,species,Anser anser,41.2818929007,2.0645011434,False,"Barcelona, Espanya",research,6,ramonservitje,cc-by-nc,1,"ramonservitje, xasalva",1,0,web,Animalia,Chordata,Aves,Anseriformes,Anatidae,Anser
449869,2025-05-03,2025-05-04,2025-05-03,09:09:00,aves,245522,species,Egretta garzetta,41.2818929007,2.0645011434,False,"Barcelona, Espanya",research,6,ramonservitje,cc-by-nc,1,"ramonservitje, bertinhaco",1,0,web,Animalia,Chordata,Aves,Ciconiiformes,Ardeidae,Egretta
449868,2025-05-03,2025-05-04,2025-05-03,09:23:00,aves,60994,species,Sternula albifrons,41.2818929007,2.0645011434,False,"Barcelona, Espanya",research,6,ramonservitje,cc-by-nc,1,"ramonservitje, badosa",1,0,web,Animalia,Chordata,Aves,Ciconiiformes,Laridae,Sternula
449867,2025-05-03,2025-05-04,2025-05-03,09:24:00,aves,250497,species,Charadrius dubius,41.2818929007,2.0645011434,False,"Barcelona, Espanya",research,6,ramonservitje,cc-by-nc,1,"ramonservitje, badosa",1,0,web,Animalia,Chordata,Aves,Ciconiiformes,Charadriidae,Charadrius
449866,2025-05-03,2025-05-04,2025-05-03,09:25:00,aves,118924,species,Gelochelidon nilotica,41.2818929007,2.0645011434,False,"Barcelona, Espanya",research,6,ramonservitje,cc-by-nc,1,"ramonservitje, badosa",1,0,web,Animalia,Chordata,Aves,Ciconiiformes,Laridae,Gelochelidon
449865,2025-05-03,2025-05-04,2025-05-03,09:26:00,aves,250950,species,Chroicocephalus ridibundus,41.2818929007,2.0645011434,False,"Barcelona, Espanya",research,6,ramonservitje,cc-by-nc,1,"ramonservitje, badosa",1,0,web,Animalia,Chordata,Aves,Ciconiiformes,Laridae,Chroicocephalus
449864,2025-05-03,2025-05-04,2025-05-03,09:30:00,aves,251700,species,Himantopus himantopus,41.2818929007,2.0645011434,False,"Barcelona, Espanya",research,6,ramonservitje,cc-by-nc,1,"ramonservitje, bertinhaco",1,0,web,Animalia,Chordata,Aves,Charadriiformes,Recurvirostridae,Himantopus
449863,2025-05-03,2025-05-04,2025-05-03,09:30:00,aves,243187,species,Larus michahellis,41.2818929007,2.0645011434,False,"Barcelona, Espanya",research,6,ramonservitje,cc-by-nc,1,"ramonservitje, badosa",1,0,web,Animalia,Chordata,Aves,Ciconiiformes,Laridae,Larus
449862,2025-05-03,2025-05-04,2025-05-03,09:31:00,aves,242502,species,Platalea leucorodia,41.2818929007,2.0645011434,False,"Barcelona, Espanya",research,6,ramonservitje,cc-by-nc,1,"ramonservitje, badosa",1,0,web,Animalia,Chordata,Aves,Ciconiiformes,Threskiornithidae,Platalea
449861,2025-05-03,2025-05-04,2025-05-03,09:40:00,aves,249839,species,Gallinula chloropus,41.2818929007,2.0645011434,False,"Barcelona, Espanya",research,6,ramonservitje,cc-by-nc,1,"ramonservitje, badosa",1,0,web,Animalia,Chordata,Aves,Gruiformes,Rallidae,Gallinula
449860,2025-05-03,2025-05-04,2025-05-03,09:33:00,aves,245936,species,Ardea purpurea,41.2818929007,2.0645011434,False,"Barcelona, Espanya",research,6,ramonservitje,cc-by-nc,1,"ramonservitje, badosa",1,0,web,Animalia,Chordata,Aves,Ciconiiformes,Ardeidae,Ardea
449859,2025-05-03,2025-05-04,2025-05-03,09:40:00,aves,256663,species,Phoenicopterus roseus,41.2818929007,2.0645011434,False,"Barcelona, Espanya",research,6,ramonservitje,cc-by-nc,1,"ramonservitje, badosa",1,0,web,Animalia,Chordata,Aves,Ciconiiformes,Phoenicopteridae,Phoenicopterus
449858,2025-05-03,2025-05-04,2025-05-03,09:42:00,aves,249327,species,Fulica atra,41.2818929007,2.0645011434,False,"Barcelona, Espanya",research,6,ramonservitje,cc-by-nc,1,"ramonservitje, badosa",1,0,web,Animalia,Chordata,Aves,Gruiformes,Rallidae,Fulica
449857,2025-05-03,2025-05-04,2025-05-03,09:44:00,aves,249065,species,Netta rufina,41.2818929007,2.0645011434,False,"Barcelona, Espanya",research,6,ramonservitje,cc-by-nc,1,"ramonservitje, badosa",1,0,web,Animalia,Chordata,Aves,Anseriformes,Anatidae,Netta
449856,2025-05-03,2025-05-04,2025-05-03,09:47:00,aves,262222,species,Mareca strepera,41.2818929007,2.0645011434,False,"Barcelona, Espanya",research,6,ramonservitje,cc-by-nc,1,"ramonservitje, badosa",1,0,web,Animalia,Chordata,Aves,Anseriformes,Anatidae,Mareca
449855,2025-05-03,2025-05-04,2025-05-03,09:50:00,aves,255051,species,Spatula clypeata,41.2818929007,2.0645011434,False,"Barcelona, Espanya",research,6,ramonservitje,cc-by-nc,1,"ramonservitje, badosa",1,0,web,Animalia,Chordata,Aves,Anseriformes,Anatidae,Spatula
449854,2025-05-03,2025-05-04,2025-05-03,09:53:00,aves,248961,species,Glareola pratincola,41.2818929007,2.0645011434,False,"Barcelona, Espanya",research,6,ramonservitje,cc-by-nc,1,"ramonservitje, badosa",1,0,web,Animalia,Chordata,Aves,Ciconiiformes,Glareolidae,Glareola
449853,2025-05-03,2025-05-04,2025-05-03,10:05:00,aves,248121,species,Calidris ferruginea,41.2818929007,2.0645011434,False,"Barcelona, Espanya",research,6,ramonservitje,cc-by-nc,1,"ramonservitje, badosa",1,0,web,Animalia,Chordata,Aves,Ciconiiformes,Scolopacidae,Calidris
